Ticket ID,Customer Name,Contact Number,Complaint Description,Complaint Channel,Created Date,City Area,Latitude,Longitude,Service,Network Tech,Handset Model,Current Status,Resolution Notes
T626474,Rahul Sharma,+91-9850526300,My recharge of 599 not reflecting but money deducted from bank,email,24-08-2026 18:28,"Whitefield, Bangalore",12.97278,77.74912,mobile data,5G,OnePlus 11,open,
T650462,Nikhil Sharma,+91-9823001760,"Call quality bahut kharab hai, awaaz cut hoti rehti hai",app,25-08-2026 03:09,Gurgaon Sector 29,28.46416,77.02001,voice,4G,iPhone 14,resolved,"Fiber patch re-spliced at the junction box; link stable for 24 hours, ticket closed."
T660814,Pooja Reddy,+91-9852467059,My router provided by company keeps restarting every hour,social,04-08-2026 21:25,"Andheri, Mumbai",19.10486,72.87462,broadband,2G,JioFiber ONT,resolved,Faulty router replaced under warranty; new unit delivered and activated in 2 days.
T658540,Meera Patel,+91-9833840642,Want to know about family plan options and pricing,email,12-08-2026 09:28,"Bandra, Mumbai",19.06272,72.83317,other,2G,Xiaomi 13,resolved,OTP delivery restored after SMS gateway fix; customer logged in successfully.
T707913,Ishaan Kumar,+91-9813927092,"Mobile data extremely slow, pages take forever to load on 4G",app,29-07-2026 16:20,"Dwarka, Delhi",28.58531,77.04601,mobile data,fiber,iPhone 14,resolved,APN reset to default and cell congestion cleared after RF team added capacity; speeds normal.
T287847,Varun Patel,+91-9879006257,Need GST invoice for my corporate connection,email,14-08-2026 13:14,"Raj Nagar, Ghaziabad",28.70138,77.42911,other,5G,iPhone 14,resolved,OTP delivery restored after SMS gateway fix; customer logged in successfully.
T395548,Ananya Joshi,+91-9811876942,"Net nahi chal raha hai subah se, kaam ruk gaya hai please fix",social,30-07-2026 11:19,"Koramangala, Bangalore",12.92529,77.62901,broadband,3G,TP-Link Router,resolved,VoLTE re-provisioned on the SIM and phone rebooted; call drops stopped.
T391595,Karan Reddy,+91-9860617768,"Broadband has been down since last night in my area, no connectivity at all",email,25-08-2026 10:16,"Raj Nagar, Ghaziabad",28.68767,77.42851,broadband,5G,Samsung Galaxy S23,open,
T676510,Aditya Das,+91-9826879290,Want to know about family plan options and pricing,app,03-08-2026 07:20,"Salt Lake, Kolkata",22.58725,88.41923,other,3G,TP-Link Router,resolved,Shared family plan options and activated chosen 4-line plan on request.
T362227,Nikhil Patel,+91-9835795612,"SIM porting request pending since last week, when will it complete",call,22-08-2026 04:11,"Andheri, Mumbai",19.10604,72.87506,voice,3G,Xiaomi 13,open,
T916639,Diya Sharma,+91-9828381043,Want to know about family plan options and pricing,email,09-08-2026 10:05,"Whitefield, Bangalore",12.96661,77.75822,other,2G,iPhone 14,resolved,Shared family plan options and activated chosen 4-line plan on request.
T555844,Kavya Gupta,+91-9852493026,Wrong late fee added even though I paid before the due date,call,30-07-2026 02:54,"Whitefield, Bangalore",12.97145,77.75223,broadband,fiber,Xiaomi 13,resolved,Payment reconciliation job re-run with the transaction ID; recharge credited same day.
T716482,Ananya Gupta,+91-9838169370,Need GST invoice for my corporate connection,social,05-08-2026 10:35,"Indirapuram, Ghaziabad",28.64466,77.36572,other,3G,,open,
T112394,Ananya Das,+91-9871749629,Wrong late fee added even though I paid before the due date,email,17-08-2026 11:14,"T Nagar, Chennai",13.04342,80.23061,broadband,fiber,,resolved,Duplicate payment reversed to source account in 5 business days; customer confirmed receipt.
T274006,Kavya Singh,+91-9878010479,"4G speed ekdum slow ho gaya hai is week, barely 1 mbps",call,25-08-2026 13:09,Gurgaon Sector 29,28.45242,77.03082,mobile data,4G,Samsung Galaxy S23,open,
T548483,Kavya Singh,+91-9816844169,"4G speed ekdum slow ho gaya hai is week, barely 1 mbps",social,25-08-2026 13:48,Gurgaon Sector 29,28.45166,77.02534,mobile data,4G,Samsung Galaxy S23,open,
T568127,Aarav Gupta,+91-9837659807,"Technician never showed up for the scheduled visit, no call either",chat,06-08-2026 08:14,"T Nagar, Chennai",13.04661,80.23215,broadband,3G,TP-Link Router,resolved,"Installation escalated to area field manager; completed next day, customer confirmed."
T888193,Sneha Verma,+91-9851420243,"Internet not working since morning, router shows red light",email,23-08-2026 08:16,"Bandra, Mumbai",19.0596,72.82579,broadband,5G,JioFiber ONT,resolved,APN reset to default and cell congestion cleared after RF team added capacity; speeds normal.
T452944,Priya Patel,+91-9838898923,Bill me extra charges laga diye hain jo maine use nahi kiya,call,06-08-2026 04:33,"Connaught Place, Delhi",28.6291,77.21388,mobile data,4G,TP-Link Router,in_progress,
T916622,Sameer Patel,+91-9835983948,"Net nahi chal raha hai subah se, kaam ruk gaya hai please fix",chat,25-08-2026 12:23,"Raj Nagar, Ghaziabad",28.68686,77.43834,broadband,4G,,open,
T876319,Ananya Patel,+91-9828683820,"Mobile data extremely slow, pages take forever to load on 4G",email,22-08-2026 20:53,Gurgaon Sector 29,28.45942,77.03249,mobile data,5G,Samsung Galaxy S23,resolved,VoLTE re-provisioned on the SIM and phone rebooted; call drops stopped.
T602651,Meera Joshi,+91-9840161549,"4G speed ekdum slow ho gaya hai is week, barely 1 mbps",chat,23-08-2026 20:35,Gurgaon Sector 29,28.45433,77.02703,mobile data,5G,,resolved,VoLTE re-provisioned on the SIM and phone rebooted; call drops stopped.
T738331,Aditya Iyer,+91-9866001691,"Naya connection ke liye 2 hafte se wait kar raha hoon, koi response nahi",app,25-08-2026 12:41,"Indirapuram, Ghaziabad",28.6487,77.36686,broadband,4G,OnePlus 11,in_progress,
T315727,Ananya Singh,+91-9895710818,"Mobile data extremely slow, pages take forever to load on 4G",chat,24-08-2026 21:13,Gurgaon Sector 29,28.46725,77.03279,mobile data,4G,iPhone 14,resolved,VoLTE re-provisioned on the SIM and phone rebooted; call drops stopped.
T982442,Rohan Iyer,+91-9828824809,"Set top box remote not working, need replacement",chat,31-07-2026 11:08,"Indirapuram, Ghaziabad",28.64877,77.37454,other,3G,OnePlus 11,resolved,"Overheating modem swapped; advised customer on ventilation, stable since."
T683761,Riya Gupta,+91-9865507111,"Set top box remote not working, need replacement",email,18-08-2026 21:41,Gurgaon Sector 29,28.46062,77.01754,other,4G,JioFiber ONT,resolved,Faulty router replaced under warranty; new unit delivered and activated in 2 days.
T884256,Priya Kumar,+91-9832520277,Company ka diya hua modem baar baar hang ho raha hai,chat,04-08-2026 06:13,"Dwarka, Delhi",28.60139,77.03816,broadband,2G,OnePlus 11,open,
T696746,Aarav Gupta,+91-9895689443,"Mobile data extremely slow, pages take forever to load on 4G",chat,28-07-2026 20:13,"Bandra, Mumbai",19.06064,72.8327,mobile data,fiber,JioFiber ONT,resolved,APN reset to default and cell congestion cleared after RF team added capacity; speeds normal.
T705258,Priya Das,+91-9855735675,"Wifi keeps disconnecting every few minutes, work from home impossible",chat,25-08-2026 13:29,"Raj Nagar, Ghaziabad",28.70064,77.44761,broadband,fiber,iPhone 14,open,
T897257,Karan Das,+91-9891791507,Wrong late fee added even though I paid before the due date,email,04-08-2026 00:01,"Connaught Place, Delhi",28.6219,77.21433,broadband,2G,,open,
T217308,Meera Das,+91-9867403166,5G not working on my new phone even though plan supports it,chat,18-08-2026 01:40,Gurgaon Sector 29,28.46041,77.03329,mobile data,fiber,TP-Link Router,open,
T894029,Varun Verma,+91-9851452961,"Broadband has been down since last night in my area, no connectivity at all",social,14-08-2026 20:05,"Raj Nagar, Ghaziabad",28.68419,77.43105,broadband,5G,OnePlus 11,resolved,"Fiber patch re-spliced at the junction box; link stable for 24 hours, ticket closed."
T352050,Vivaan Das,+91-9836930522,5G not working on my new phone even though plan supports it,app,30-07-2026 15:48,"Andheri, Mumbai",19.12048,72.86791,mobile data,2G,JioFiber ONT,resolved,Set top box remote replaced free of cost; paired and verified working.
T356736,Arjun Gupta,+91-9836726767,"Set top box remote not working, need replacement",social,14-08-2026 17:37,"Indirapuram, Ghaziabad",28.64899,77.36386,other,5G,JioFiber ONT,resolved,Faulty router replaced under warranty; new unit delivered and activated in 2 days.
T904291,Arjun Singh,+91-9819104802,Company ka diya hua modem baar baar hang ho raha hai,call,16-08-2026 06:24,"T Nagar, Chennai",13.04552,80.23093,broadband,fiber,TP-Link Router,resolved,"Overheating modem swapped; advised customer on ventilation, stable since."
T808011,Riya Verma,+91-9834941004,"Internet not working since morning, router shows red light",email,18-08-2026 06:12,"Koramangala, Bangalore",12.9276,77.63231,broadband,3G,TP-Link Router,resolved,Node rebooted at local exchange; connectivity restored and confirmed with customer.
T855086,Ananya Joshi,+91-9840578076,"Net nahi chal raha hai subah se, kaam ruk gaya hai please fix",social,25-08-2026 12:06,"Raj Nagar, Ghaziabad",28.69902,77.43278,broadband,4G,TP-Link Router,open,
T599380,Diya Reddy,+91-9880610004,"Internet not working since morning, router shows red light",app,13-08-2026 08:18,"Connaught Place, Delhi",28.63176,77.20888,broadband,fiber,iPhone 14,resolved,Node rebooted at local exchange; connectivity restored and confirmed with customer.
T343170,Nikhil Reddy,+91-9875243366,"Internet not working since morning, router shows red light",social,12-08-2026 04:33,"Koramangala, Bangalore",12.92558,77.62603,broadband,fiber,Samsung Galaxy S23,resolved,"Fiber patch re-spliced at the junction box; link stable for 24 hours, ticket closed."
T273699,Kavya Singh,+91-9862724203,"Call quality bahut kharab hai, awaaz cut hoti rehti hai",email,14-08-2026 00:59,"Dwarka, Delhi",28.59077,77.04492,voice,fiber,JioFiber ONT,resolved,APN reset to default and cell congestion cleared after RF team added capacity; speeds normal.
T924076,Aarav Patel,+91-9819127329,"Net nahi chal raha hai subah se, kaam ruk gaya hai please fix",app,25-08-2026 11:38,"Raj Nagar, Ghaziabad",28.7007,77.43722,broadband,3G,iPhone 14,open,
T773462,Aarav Verma,+91-9899783401,Want to know about family plan options and pricing,call,30-07-2026 21:02,"Bandra, Mumbai",19.06325,72.82592,other,2G,Xiaomi 13,resolved,OTP delivery restored after SMS gateway fix; customer logged in successfully.
T309700,Kavya Gupta,+91-9860283960,"ONT box blinking red, replacement needed urgently",call,08-08-2026 05:57,"Raj Nagar, Ghaziabad",28.69103,77.44809,broadband,4G,,in_progress,
T579946,Ishaan Patel,+91-9877885433,Want to know about family plan options and pricing,social,06-08-2026 10:46,"Bandra, Mumbai",19.06687,72.82186,other,3G,Xiaomi 13,resolved,GST invoice generated and emailed; billing profile updated with GSTIN.
T200128,Sameer Sharma,+91-9860082940,"Broadband has been down since last night in my area, no connectivity at all",call,25-08-2026 15:59,"Raj Nagar, Ghaziabad",28.70187,77.43888,broadband,2G,OnePlus 11,open,
T884447,Karan Patel,+91-9834484603,Want to know about family plan options and pricing,email,30-07-2026 12:28,"Raj Nagar, Ghaziabad",28.69083,77.43505,other,2G,OnePlus 11,resolved,OTP delivery restored after SMS gateway fix; customer logged in successfully.
T643623,Aarav Das,+91-9872005415,Want to know about family plan options and pricing,social,02-08-2026 00:05,"Andheri, Mumbai",19.11873,72.87221,other,2G,iPhone 14,resolved,OTP delivery restored after SMS gateway fix; customer logged in successfully.
T697944,Ananya Das,+91-9821428912,"SIM porting request pending since last week, when will it complete",email,11-08-2026 08:49,"T Nagar, Chennai",13.04185,80.22447,voice,fiber,iPhone 14,resolved,"Installation escalated to area field manager; completed next day, customer confirmed."
T901865,Ishaan Iyer,+91-9896541691,"Autopay deducted twice this month, very frustrating experience",email,12-08-2026 07:56,"T Nagar, Chennai",13.05169,80.22543,broadband,4G,TP-Link Router,resolved,Duplicate payment reversed to source account in 5 business days; customer confirmed receipt.
T435876,Sameer Gupta,+91-9847924770,"Wifi keeps disconnecting every few minutes, work from home impossible",email,25-08-2026 11:15,"Raj Nagar, Ghaziabad",28.69787,77.43416,broadband,5G,Xiaomi 13,open,
T281493,Karan Joshi,+91-9855929418,"Autopay deducted twice this month, very frustrating experience",social,29-07-2026 12:40,"Dwarka, Delhi",28.59883,77.03829,broadband,fiber,Xiaomi 13,resolved,Incorrect charge waived and adjusted in next invoice; goodwill credit of Rs 50 applied.
T921532,Aarav Reddy,+91-9884633131,International roaming pack charged but never activated,call,17-08-2026 00:13,"Koramangala, Bangalore",12.93558,77.62619,voice,2G,,open,
T756944,Priya Sharma,+91-9855520266,Frequent call drops when talking for more than 2 minutes,social,22-08-2026 09:50,Noida Sector 62,28.62911,77.35865,voice,2G,,in_progress,
T803176,Priya Gupta,+91-9844578317,"ONT box blinking red, replacement needed urgently",chat,07-08-2026 23:17,Noida Sector 62,28.63545,77.36757,broadband,5G,Samsung Galaxy S23,open,
T807784,Vivaan Joshi,+91-9859566126,My recharge of 599 not reflecting but money deducted from bank,call,04-08-2026 11:27,"Bandra, Mumbai",19.06045,72.82307,mobile data,4G,Xiaomi 13,resolved,Payment reconciliation job re-run with the transaction ID; recharge credited same day.
T862899,Sameer Das,+91-9842831540,Company ka diya hua modem baar baar hang ho raha hai,app,12-08-2026 11:30,"Bandra, Mumbai",19.06485,72.83379,broadband,5G,iPhone 14,resolved,SIM replaced at store; 5G registering correctly on the handset now.
T688155,Karan Kumar,+91-9886546634,Company ka diya hua modem baar baar hang ho raha hai,call,18-08-2026 02:39,"Koramangala, Bangalore",12.93965,77.62607,broadband,3G,OnePlus 11,resolved,Faulty router replaced under warranty; new unit delivered and activated in 2 days.
T928519,Vivaan Das,+91-9853898593,"Wifi keeps disconnecting every few minutes, work from home impossible",app,25-08-2026 11:20,"Raj Nagar, Ghaziabad",28.6941,77.44099,broadband,2G,TP-Link Router,open,
T323095,Tanvi Joshi,+91-9864376227,"Broadband has been down since morning in my area, no connectivity at all",social,27-07-2026 16:15,"Koramangala, Bangalore",12.93041,77.63238,broadband,fiber,Xiaomi 13,open,
T278795,Vivaan Sharma,+91-9828574987,"Wifi keeps disconnecting every few minutes, work from home impossible",app,20-08-2026 03:34,"Salt Lake, Kolkata",22.59459,88.4262,broadband,4G,JioFiber ONT,open,
T589187,Priya Verma,+91-9894140870,"Wifi keeps disconnecting every few minutes, work from home impossible",social,25-08-2026 15:49,"Raj Nagar, Ghaziabad",28.68597,77.4425,broadband,5G,,open,
T859356,Aarav Iyer,+91-9868558100,"4G speed ekdum slow ho gaya hai is week, barely 1 mbps",email,25-08-2026 13:05,Gurgaon Sector 29,28.45129,77.0217,mobile data,3G,OnePlus 11,open,
T826847,Sneha Iyer,+91-9811529494,Want to know about family plan options and pricing,app,21-08-2026 09:15,"T Nagar, Chennai",13.03693,80.22626,other,2G,Samsung Galaxy S23,resolved,OTP delivery restored after SMS gateway fix; customer logged in successfully.
T811902,Arjun Joshi,+91-9851706253,No signal inside my house since yesterday evening,social,20-08-2026 22:58,"Andheri, Mumbai",19.10638,72.87505,voice,4G,iPhone 14,resolved,"Fiber patch re-spliced at the junction box; link stable for 24 hours, ticket closed."
T819602,Pooja Gupta,+91-9819212612,"Mobile data extremely slow, pages take forever to load on 4G",social,02-08-2026 01:19,"Whitefield, Bangalore",12.97277,77.74295,mobile data,2G,JioFiber ONT,resolved,VoLTE re-provisioned on the SIM and phone rebooted; call drops stopped.
T107800,Sneha Reddy,+91-9898369598,Frequent call drops when talking for more than 2 minutes,app,25-08-2026 12:19,"Bandra, Mumbai",19.05792,72.82924,voice,4G,iPhone 14,resolved,VoLTE re-provisioned on the SIM and phone rebooted; call drops stopped.
T966723,Sneha Patel,+91-9862333608,"Internet not working since morning, router shows red light",app,25-08-2026 16:07,"Raj Nagar, Ghaziabad",28.70095,77.43634,broadband,3G,iPhone 14,open,
T732193,Ishaan Verma,+91-9828444834,Bill me extra charges laga diye hain jo maine use nahi kiya,app,25-08-2026 13:44,"Indirapuram, Ghaziabad",28.63427,77.38189,mobile data,4G,OnePlus 11,in_progress,
T234779,Arjun Patel,+91-9888716058,"Wifi keeps disconnecting every few minutes, work from home impossible",call,25-08-2026 10:59,"Raj Nagar, Ghaziabad",28.68508,77.44565,broadband,fiber,Xiaomi 13,open,
T211834,Arjun Gupta,+91-9861632653,Wrong late fee added even though I paid before the due date,email,14-08-2026 00:59,"Andheri, Mumbai",19.11504,72.8712,broadband,4G,Samsung Galaxy S23,open,
T987386,Diya Singh,+91-9886268638,"App login not working, OTP never arrives",chat,26-07-2026 18:29,"Koramangala, Bangalore",12.93267,77.63421,other,3G,TP-Link Router,resolved,OTP delivery restored after SMS gateway fix; customer logged in successfully.
T878999,Arjun Verma,+91-9882646617,"Wifi keeps disconnecting every few minutes, work from home impossible",chat,25-08-2026 14:11,"Raj Nagar, Ghaziabad",28.68401,77.44788,broadband,4G,OnePlus 11,open,
T145383,Riya Joshi,+91-9817954445,"Internet not working since morning, router shows red light",app,20-08-2026 12:24,"Dwarka, Delhi",28.59545,77.05109,broadband,2G,TP-Link Router,resolved,APN reset to default and cell congestion cleared after RF team added capacity; speeds normal.
T986575,Priya Verma,+91-9815892193,Company ka diya hua modem baar baar hang ho raha hai,app,18-08-2026 22:39,"Raj Nagar, Ghaziabad",28.69177,77.44326,broadband,fiber,Samsung Galaxy S23,in_progress,
T250990,Diya Patel,+91-9811557295,"I was charged twice for my monthly plan, need refund immediately",email,18-08-2026 09:39,"Andheri, Mumbai",19.1231,72.86242,broadband,3G,JioFiber ONT,resolved,Duplicate payment reversed to source account in 5 business days; customer confirmed receipt.
T458332,Rahul Sharma,+91-9858667035,New connection installation pending for 10 days despite payment,chat,06-08-2026 03:41,"T Nagar, Chennai",13.03633,80.22685,broadband,2G,OnePlus 11,resolved,Porting request re-submitted with corrected UPC code; number active on new plan.
T682789,Kavya Kumar,+91-9844675473,"Requested plan upgrade a week ago, still not activated",social,17-08-2026 03:32,Noida Sector 62,28.63596,77.35661,broadband,5G,Xiaomi 13,resolved,Plan upgrade applied manually and prorated; confirmation SMS sent.
T972097,Arjun Iyer,+91-9870654852,"Net nahi chal raha hai subah se, kaam ruk gaya hai please fix",call,02-08-2026 08:01,Noida Sector 62,28.62989,77.37445,broadband,2G,TP-Link Router,resolved,APN reset to default and cell congestion cleared after RF team added capacity; speeds normal.
T820999,Aarav Patel,+91-9824111073,Want to know about family plan options and pricing,chat,23-08-2026 05:55,"Dwarka, Delhi",28.5855,77.03982,other,4G,,in_progress,
T973176,Ananya Gupta,+91-9837419830,New connection installation pending for 10 days despite payment,email,19-08-2026 21:57,"Whitefield, Bangalore",12.96091,77.74244,broadband,5G,Xiaomi 13,resolved,"Installation escalated to area field manager; completed next day, customer confirmed."
T394976,Pooja Kumar,+91-9894853379,Want to know about family plan options and pricing,chat,14-08-2026 00:07,"Whitefield, Bangalore",12.97458,77.75126,other,4G,Samsung Galaxy S23,resolved,GST invoice generated and emailed; billing profile updated with GSTIN.
T646196,Arjun Joshi,+91-9867244204,"Mobile data extremely slow, pages take forever to load on 4G",email,08-08-2026 14:31,"Raj Nagar, Ghaziabad",28.6885,77.43049,mobile data,2G,Xiaomi 13,open,
T451767,Aditya Kumar,+91-9890958813,"Wifi keeps disconnecting every few minutes, work from home impossible",chat,20-08-2026 11:45,Gurgaon Sector 29,28.45514,77.02743,broadband,2G,iPhone 14,open,
T274185,Arjun Das,+91-9852543251,My recharge of 599 not reflecting but money deducted from bank,chat,03-08-2026 19:54,"Andheri, Mumbai",19.1204,72.87091,mobile data,5G,JioFiber ONT,resolved,Incorrect charge waived and adjusted in next invoice; goodwill credit of Rs 50 applied.
T122484,Rohan Kumar,+91-9867917038,New connection installation pending for 10 days despite payment,call,02-08-2026 19:45,"Raj Nagar, Ghaziabad",28.69807,77.44453,broadband,fiber,TP-Link Router,resolved,Porting request re-submitted with corrected UPC code; number active on new plan.
T704349,Rohan Das,+91-9846138183,Need GST invoice for my corporate connection,call,02-08-2026 18:02,"Whitefield, Bangalore",12.97936,77.75136,other,4G,Samsung Galaxy S23,resolved,GST invoice generated and emailed; billing profile updated with GSTIN.
T947591,Sneha Reddy,+91-9886551556,"Broadband has been down since yesterday in my area, no connectivity at all",call,29-07-2026 15:55,"Bandra, Mumbai",19.06342,72.82362,broadband,5G,TP-Link Router,resolved,Node rebooted at local exchange; connectivity restored and confirmed with customer.
T459836,Vivaan Joshi,+91-9886778235,5G not working on my new phone even though plan supports it,social,07-08-2026 18:04,"Andheri, Mumbai",19.11637,72.86921,mobile data,4G,TP-Link Router,open,
T313933,Vivaan Patel,+91-9869002851,Company ka diya hua modem baar baar hang ho raha hai,social,22-08-2026 02:27,"Bandra, Mumbai",19.05247,72.83673,broadband,4G,JioFiber ONT,resolved,SIM replaced at store; 5G registering correctly on the handset now.
T176319,Kavya Sharma,+91-9846032304,"SIM porting request pending since last week, when will it complete",social,21-08-2026 05:10,Noida Sector 62,28.63149,77.36608,voice,5G,iPhone 14,resolved,"Installation escalated to area field manager; completed next day, customer confirmed."
T624788,Tanvi Joshi,+91-9819558414,"Naya connection ke liye 2 hafte se wait kar raha hoon, koi response nahi",email,27-07-2026 13:14,"Raj Nagar, Ghaziabad",28.6932,77.43656,broadband,3G,iPhone 14,resolved,Porting request re-submitted with corrected UPC code; number active on new plan.
T219125,Diya Iyer,+91-9829795314,"Broadband has been down since yesterday in my area, no connectivity at all",app,11-08-2026 00:26,"T Nagar, Chennai",13.04221,80.22417,broadband,5G,,resolved,APN reset to default and cell congestion cleared after RF team added capacity; speeds normal.
T577052,Tanvi Joshi,+91-9892171382,New connection installation pending for 10 days despite payment,social,25-08-2026 12:49,"T Nagar, Chennai",13.05174,80.23323,broadband,4G,OnePlus 11,resolved,"Installation escalated to area field manager; completed next day, customer confirmed."
T555786,Vivaan Sharma,+91-9896551756,"Set top box remote not working, need replacement",app,18-08-2026 03:39,"Connaught Place, Delhi",28.63384,77.2245,other,5G,Samsung Galaxy S23,resolved,Set top box remote replaced free of cost; paired and verified working.
T659484,Priya Das,+91-9825985787,"I was charged twice for my monthly plan, need refund immediately",app,15-08-2026 09:30,Gurgaon Sector 29,28.45028,77.01956,broadband,4G,iPhone 14,resolved,Duplicate payment reversed to source account in 5 business days; customer confirmed receipt.
T544638,Nikhil Kumar,+91-9817744982,New connection installation pending for 10 days despite payment,chat,09-08-2026 13:25,"Salt Lake, Kolkata",22.58625,88.42553,broadband,4G,JioFiber ONT,open,
T376570,Arjun Singh,+91-9892266282,"Autopay deducted twice this month, very frustrating experience",email,09-08-2026 00:18,Gurgaon Sector 29,28.46735,77.02291,broadband,5G,,open,
T894268,Meera Reddy,+91-9885587210,Company ka diya hua modem baar baar hang ho raha hai,email,14-08-2026 00:56,"Whitefield, Bangalore",12.97343,77.75793,broadband,2G,Xiaomi 13,resolved,Set top box remote replaced free of cost; paired and verified working.
T746703,Nikhil Singh,+91-9893013580,5G not working on my new phone even though plan supports it,email,29-07-2026 00:44,"Andheri, Mumbai",19.11969,72.86145,mobile data,3G,Samsung Galaxy S23,open,
T712879,Priya Gupta,+91-9872639147,Wrong late fee added even though I paid before the due date,call,09-08-2026 13:16,"Andheri, Mumbai",19.11383,72.87295,broadband,4G,TP-Link Router,resolved,Late fee reversed after payment date verification; autopay mandate corrected.
T544726,Varun Reddy,+91-9893650995,"App login not working, OTP never arrives",email,04-08-2026 16:03,"Andheri, Mumbai",19.11071,72.86342,other,fiber,Samsung Galaxy S23,resolved,GST invoice generated and emailed; billing profile updated with GSTIN.
T185782,Meera Kumar,+91-9810692467,"SIM porting request pending since last week, when will it complete",chat,06-08-2026 07:20,Gurgaon Sector 29,28.46906,77.02508,voice,2G,iPhone 14,resolved,Plan upgrade applied manually and prorated; confirmation SMS sent.
T985249,Sneha Das,+91-9815505291,"Set top box remote not working, need replacement",social,08-08-2026 00:54,"Bandra, Mumbai",19.06796,72.83667,other,4G,OnePlus 11,resolved,"Overheating modem swapped; advised customer on ventilation, stable since."
T928373,Sameer Singh,+91-9874139933,"4G speed ekdum slow ho gaya hai is week, barely 1 mbps",social,22-08-2026 21:19,Gurgaon Sector 29,28.45777,77.02779,mobile data,3G,iPhone 14,resolved,Node rebooted at local exchange; connectivity restored and confirmed with customer.
T858386,Sneha Sharma,+91-9819321973,"Internet not working since morning, router shows red light",app,01-08-2026 09:58,"Koramangala, Bangalore",12.93154,77.62142,broadband,2G,TP-Link Router,resolved,"Fiber patch re-spliced at the junction box; link stable for 24 hours, ticket closed."
T347678,Rahul Kumar,+91-9857698045,"Broadband has been down since 2 hours in my area, no connectivity at all",call,18-08-2026 06:40,"Andheri, Mumbai",19.11612,72.87727,broadband,2G,TP-Link Router,open,
T979037,Priya Patel,+91-9822452337,"I was charged twice for my monthly plan, need refund immediately",email,18-08-2026 23:14,"Indirapuram, Ghaziabad",28.63401,77.37831,broadband,5G,Samsung Galaxy S23,resolved,Payment reconciliation job re-run with the transaction ID; recharge credited same day.
T131236,Ishaan Das,+91-9881780879,Bill me extra charges laga diye hain jo maine use nahi kiya,email,25-08-2026 14:55,"Dwarka, Delhi",28.59795,77.04465,mobile data,fiber,,resolved,Payment reconciliation job re-run with the transaction ID; recharge credited same day.
T724473,Vivaan Kumar,+91-9821328172,Need GST invoice for my corporate connection,email,01-08-2026 10:07,"Connaught Place, Delhi",28.63656,77.21496,other,5G,iPhone 14,in_progress,
T721549,Karan Reddy,+91-9834022690,"Net nahi chal raha hai subah se, kaam ruk gaya hai please fix",social,22-08-2026 23:24,"Andheri, Mumbai",19.11071,72.86635,broadband,3G,JioFiber ONT,open,
T821175,Riya Verma,+91-9879761254,"Naya connection ke liye 2 hafte se wait kar raha hoon, koi response nahi",email,25-08-2026 02:23,"Salt Lake, Kolkata",22.58395,88.4102,broadband,fiber,OnePlus 11,resolved,Porting request re-submitted with corrected UPC code; number active on new plan.
T568238,Tanvi Joshi,+91-9898575748,Want to know about family plan options and pricing,app,11-08-2026 20:03,"Salt Lake, Kolkata",22.58335,88.42236,other,5G,Xiaomi 13,resolved,OTP delivery restored after SMS gateway fix; customer logged in successfully.
T947241,Ananya Das,+91-9828426925,International roaming pack charged but never activated,social,27-07-2026 01:31,"Bandra, Mumbai",19.05159,72.82718,voice,2G,,open,
T310608,Varun Patel,+91-9850323741,Want to know about family plan options and pricing,app,05-08-2026 19:49,Noida Sector 62,28.62055,77.36286,other,4G,OnePlus 11,resolved,GST invoice generated and emailed; billing profile updated with GSTIN.
T903966,Sneha Joshi,+91-9894104175,"Call quality bahut kharab hai, awaaz cut hoti rehti hai",call,21-08-2026 11:46,"Salt Lake, Kolkata",22.58105,88.41459,voice,2G,JioFiber ONT,in_progress,
T799396,Rahul Sharma,+91-9829511823,"Internet not working since morning, router shows red light",app,18-08-2026 16:13,"Connaught Place, Delhi",28.63991,77.20768,broadband,5G,iPhone 14,open,
T803869,Priya Das,+91-9893169072,"Broadband has been down since 2 hours in my area, no connectivity at all",chat,23-08-2026 08:27,"Salt Lake, Kolkata",22.59606,88.41829,broadband,fiber,iPhone 14,resolved,"Fiber patch re-spliced at the junction box; link stable for 24 hours, ticket closed."
T822460,Karan Singh,+91-9856356961,"Requested plan upgrade a week ago, still not activated",social,27-07-2026 14:50,"Connaught Place, Delhi",28.63288,77.20751,broadband,4G,OnePlus 11,in_progress,
T198242,Rohan Reddy,+91-9859478024,Wrong late fee added even though I paid before the due date,chat,18-08-2026 08:09,"Andheri, Mumbai",19.11279,72.87601,broadband,3G,iPhone 14,resolved,Late fee reversed after payment date verification; autopay mandate corrected.
T207391,Vivaan Iyer,+91-9883330295,"SIM porting request pending since last week, when will it complete",app,08-08-2026 17:27,"Koramangala, Bangalore",12.9427,77.61514,voice,4G,OnePlus 11,resolved,Technician visit rescheduled with slot confirmation; work completed on second visit.
T128655,Tanvi Joshi,+91-9857117793,"4G speed ekdum slow ho gaya hai is week, barely 1 mbps",call,21-08-2026 19:25,Gurgaon Sector 29,28.46876,77.03178,mobile data,2G,Xiaomi 13,resolved,"Fiber patch re-spliced at the junction box; link stable for 24 hours, ticket closed."
T557007,Sameer Joshi,+91-9839600202,"SIM porting request pending since last week, when will it complete",call,06-08-2026 08:29,"Andheri, Mumbai",19.11138,72.87308,voice,5G,JioFiber ONT,resolved,Plan upgrade applied manually and prorated; confirmation SMS sent.
T423939,Priya Patel,+91-9894322033,"Technician never showed up for the scheduled visit, no call either",call,16-08-2026 18:29,"T Nagar, Chennai",13.04339,80.23875,broadband,2G,OnePlus 11,resolved,"Installation escalated to area field manager; completed next day, customer confirmed."
T615530,Rahul Patel,+91-9811716086,"Set top box remote not working, need replacement",email,03-08-2026 18:36,"Indirapuram, Ghaziabad",28.64076,77.37557,other,2G,Samsung Galaxy S23,in_progress,
T560438,Rahul Kumar,+91-9828491507,My router provided by company keeps restarting every hour,call,18-08-2026 09:38,"Indirapuram, Ghaziabad",28.63691,77.37858,broadband,4G,OnePlus 11,resolved,Set top box remote replaced free of cost; paired and verified working.
T944492,Karan Kumar,+91-9896676830,"Broadband has been down since last night in my area, no connectivity at all",email,25-08-2026 12:43,"Raj Nagar, Ghaziabad",28.69794,77.42869,broadband,3G,iPhone 14,open,
T218055,Nikhil Patel,+91-9811925224,"Broadband has been down since morning in my area, no connectivity at all",chat,25-08-2026 10:44,"Raj Nagar, Ghaziabad",28.6917,77.44603,broadband,fiber,OnePlus 11,open,
T521233,Diya Joshi,+91-9891692326,International roaming pack charged but never activated,email,12-08-2026 21:20,"Connaught Place, Delhi",28.63929,77.21333,voice,3G,Samsung Galaxy S23,open,
T335428,Pooja Verma,+91-9876011040,"4G speed ekdum slow ho gaya hai is week, barely 1 mbps",app,12-08-2026 08:51,"T Nagar, Chennai",13.03895,80.23641,mobile data,2G,OnePlus 11,resolved,Node rebooted at local exchange; connectivity restored and confirmed with customer.
T266131,Priya Gupta,+91-9832629881,Wrong late fee added even though I paid before the due date,call,25-08-2026 05:01,"Raj Nagar, Ghaziabad",28.68519,77.43697,broadband,5G,Xiaomi 13,open,
T180685,Pooja Patel,+91-9848704726,"Net nahi chal raha hai subah se, kaam ruk gaya hai please fix",chat,21-08-2026 10:48,"Bandra, Mumbai",19.05512,72.83344,broadband,5G,iPhone 14,in_progress,
T764327,Kavya Reddy,+91-9860365788,"Net nahi chal raha hai subah se, kaam ruk gaya hai please fix",chat,27-07-2026 22:45,"Bandra, Mumbai",19.0532,72.8197,broadband,3G,JioFiber ONT,open,
T204657,Rohan Iyer,+91-9849731424,No signal inside my house since yesterday evening,call,20-08-2026 19:31,"Salt Lake, Kolkata",22.59374,88.4143,voice,4G,Xiaomi 13,resolved,Node rebooted at local exchange; connectivity restored and confirmed with customer.
T645752,Vivaan Das,+91-9854894880,"Net nahi chal raha hai subah se, kaam ruk gaya hai please fix",chat,11-08-2026 16:48,"Dwarka, Delhi",28.58396,77.04704,broadband,fiber,OnePlus 11,resolved,VoLTE re-provisioned on the SIM and phone rebooted; call drops stopped.
T495323,Rohan Joshi,+91-9890621827,Need GST invoice for my corporate connection,social,10-08-2026 06:39,"Salt Lake, Kolkata",22.59602,88.41584,other,3G,iPhone 14,resolved,Shared family plan options and activated chosen 4-line plan on request.
T838352,Varun Verma,+91-9817538528,"Broadband has been down since last night in my area, no connectivity at all",chat,25-08-2026 13:20,"Raj Nagar, Ghaziabad",28.70096,77.44683,broadband,3G,Samsung Galaxy S23,open,
T646012,Sneha Reddy,+91-9898171888,Frequent call drops when talking for more than 2 minutes,email,15-08-2026 03:46,Gurgaon Sector 29,28.45431,77.01965,voice,4G,TP-Link Router,resolved,"Fiber patch re-spliced at the junction box; link stable for 24 hours, ticket closed."
T874863,Ananya Joshi,+91-9833436273,5G not working on my new phone even though plan supports it,email,24-08-2026 18:39,Gurgaon Sector 29,28.4569,77.02011,mobile data,3G,Xiaomi 13,in_progress,
T678002,Meera Reddy,+91-9884668321,"Wifi keeps disconnecting every few minutes, work from home impossible",email,25-08-2026 10:56,"Raj Nagar, Ghaziabad",28.68632,77.43867,broadband,5G,JioFiber ONT,open,
T649395,Diya Das,+91-9875540707,"Call quality bahut kharab hai, awaaz cut hoti rehti hai",call,09-08-2026 09:29,"Connaught Place, Delhi",28.6404,77.22006,voice,2G,Xiaomi 13,resolved,Node rebooted at local exchange; connectivity restored and confirmed with customer.
T105874,Sneha Reddy,+91-9834055277,"Broadband has been down since 2 hours in my area, no connectivity at all",chat,03-08-2026 20:34,"Koramangala, Bangalore",12.92919,77.61638,broadband,5G,OnePlus 11,resolved,Node rebooted at local exchange; connectivity restored and confirmed with customer.
T135165,Sameer Verma,+91-9866186841,"4G speed ekdum slow ho gaya hai is week, barely 1 mbps",email,22-08-2026 21:14,Gurgaon Sector 29,28.46065,77.02505,mobile data,2G,Samsung Galaxy S23,resolved,"Fiber patch re-spliced at the junction box; link stable for 24 hours, ticket closed."
T664380,Sneha Kumar,+91-9892732173,"Broadband has been down since last night in my area, no connectivity at all",app,25-08-2026 11:54,"Raj Nagar, Ghaziabad",28.69917,77.43033,broadband,2G,JioFiber ONT,open,
T865630,Diya Patel,+91-9816886777,"Call quality bahut kharab hai, awaaz cut hoti rehti hai",app,18-08-2026 14:13,"Whitefield, Bangalore",12.97233,77.74235,voice,3G,iPhone 14,resolved,APN reset to default and cell congestion cleared after RF team added capacity; speeds normal.
T748938,Karan Reddy,+91-9835350367,"Autopay deducted twice this month, very frustrating experience",chat,26-07-2026 16:48,"Whitefield, Bangalore",12.97199,77.75007,broadband,2G,TP-Link Router,open,
T980660,Nikhil Iyer,+91-9844788100,"Call quality bahut kharab hai, awaaz cut hoti rehti hai",social,05-08-2026 03:06,"Koramangala, Bangalore",12.93489,77.61928,voice,5G,Samsung Galaxy S23,open,
T456329,Aarav Iyer,+91-9898429098,"I was charged twice for my monthly plan, need refund immediately",email,19-08-2026 13:58,"Whitefield, Bangalore",12.96831,77.75505,broadband,fiber,OnePlus 11,open,
T426734,Ishaan Gupta,+91-9864957378,"4G speed ekdum slow ho gaya hai is week, barely 1 mbps",social,25-08-2026 12:26,Gurgaon Sector 29,28.45084,77.03404,mobile data,fiber,Samsung Galaxy S23,open,
T586483,Nikhil Verma,+91-9857058571,"Mobile data extremely slow, pages take forever to load on 4G",email,20-08-2026 05:06,"Andheri, Mumbai",19.10375,72.86719,mobile data,3G,TP-Link Router,in_progress,
T722565,Varun Kumar,+91-9831810655,Bill me extra charges laga diye hain jo maine use nahi kiya,social,19-08-2026 01:29,"Koramangala, Bangalore",12.94177,77.62515,mobile data,fiber,OnePlus 11,resolved,Payment reconciliation job re-run with the transaction ID; recharge credited same day.
T232235,Ananya Patel,+91-9824451825,"Naya connection ke liye 2 hafte se wait kar raha hoon, koi response nahi",call,25-08-2026 15:39,"Connaught Place, Delhi",28.62715,77.21335,broadband,4G,TP-Link Router,in_progress,
T835652,Nikhil Kumar,+91-9818169131,"Naya connection ke liye 2 hafte se wait kar raha hoon, koi response nahi",social,12-08-2026 04:46,"Indirapuram, Ghaziabad",28.63488,77.37721,broadband,5G,iPhone 14,resolved,"Installation escalated to area field manager; completed next day, customer confirmed."
T747518,Diya Das,+91-9825686844,"Internet not working since morning, router shows red light",email,03-08-2026 14:59,"Indirapuram, Ghaziabad",28.63915,77.36893,broadband,fiber,JioFiber ONT,resolved,"Fiber patch re-spliced at the junction box; link stable for 24 hours, ticket closed."
T792792,Sameer Patel,+91-9862353135,"Mobile data extremely slow, pages take forever to load on 4G",email,02-08-2026 17:09,"Salt Lake, Kolkata",22.58793,88.41401,mobile data,3G,JioFiber ONT,resolved,Node rebooted at local exchange; connectivity restored and confirmed with customer.
T152427,Karan Gupta,+91-9838215122,"Broadband has been down since morning in my area, no connectivity at all",email,25-08-2026 15:23,"Raj Nagar, Ghaziabad",28.68901,77.43889,broadband,5G,,open,
T214419,Meera Iyer,+91-9896232807,My recharge of 599 not reflecting but money deducted from bank,chat,21-08-2026 04:02,"Bandra, Mumbai",19.06424,72.83785,mobile data,5G,,resolved,Late fee reversed after payment date verification; autopay mandate corrected.
T408086,Aarav Reddy,+91-9887140007,"Wifi keeps disconnecting every few minutes, work from home impossible",social,25-08-2026 11:39,"Raj Nagar, Ghaziabad",28.69916,77.42868,broadband,3G,OnePlus 11,open,
T432061,Diya Reddy,+91-9895080736,No signal inside my house since yesterday evening,call,21-08-2026 16:33,"Indirapuram, Ghaziabad",28.63383,77.38126,voice,5G,OnePlus 11,resolved,"Fiber patch re-spliced at the junction box; link stable for 24 hours, ticket closed."
T167755,Pooja Das,+91-9853169386,"Technician never showed up for the scheduled visit, no call either",call,15-08-2026 07:11,"T Nagar, Chennai",13.05087,80.22514,broadband,3G,iPhone 14,resolved,"Installation escalated to area field manager; completed next day, customer confirmed."
T707314,Nikhil Patel,+91-9835487660,"Set top box remote not working, need replacement",app,31-07-2026 03:07,"Andheri, Mumbai",19.10474,72.87138,other,fiber,,resolved,Faulty router replaced under warranty; new unit delivered and activated in 2 days.
T767033,Kavya Patel,+91-9887949346,"Net nahi chal raha hai subah se, kaam ruk gaya hai please fix",chat,22-08-2026 15:00,"T Nagar, Chennai",13.04502,80.23316,broadband,4G,Xiaomi 13,in_progress,
T212369,Aarav Joshi,+91-9871787651,My recharge of 599 not reflecting but money deducted from bank,app,22-08-2026 19:21,"Bandra, Mumbai",19.0674,72.82322,mobile data,4G,Samsung Galaxy S23,resolved,Payment reconciliation job re-run with the transaction ID; recharge credited same day.
T776234,Ishaan Verma,+91-9877089857,Company ka diya hua modem baar baar hang ho raha hai,social,24-08-2026 23:50,"T Nagar, Chennai",13.05135,80.24358,broadband,fiber,Samsung Galaxy S23,open,
T844708,Rohan Iyer,+91-9833507564,"4G speed ekdum slow ho gaya hai is week, barely 1 mbps",chat,25-08-2026 13:47,Gurgaon Sector 29,28.45274,77.02872,mobile data,2G,Samsung Galaxy S23,open,
T609533,Varun Sharma,+91-9868294586,"Autopay deducted twice this month, very frustrating experience",email,09-08-2026 20:27,"T Nagar, Chennai",13.03675,80.22715,broadband,fiber,iPhone 14,resolved,Payment reconciliation job re-run with the transaction ID; recharge credited same day.
T612997,Kavya Patel,+91-9814791343,Wrong late fee added even though I paid before the due date,call,27-07-2026 14:59,"Indirapuram, Ghaziabad",28.64785,77.37527,broadband,5G,TP-Link Router,resolved,Incorrect charge waived and adjusted in next invoice; goodwill credit of Rs 50 applied.
T465004,Sameer Singh,+91-9885042992,"Net nahi chal raha hai subah se, kaam ruk gaya hai please fix",app,22-08-2026 07:13,"Raj Nagar, Ghaziabad",28.68713,77.44756,broadband,5G,Xiaomi 13,in_progress,
T355709,Sneha Gupta,+91-9821631697,No signal inside my house since yesterday evening,social,29-07-2026 11:01,"Andheri, Mumbai",19.11581,72.86728,voice,2G,Xiaomi 13,resolved,"Fiber patch re-spliced at the junction box; link stable for 24 hours, ticket closed."
T575745,Sameer Verma,+91-9886744869,Company ka diya hua modem baar baar hang ho raha hai,chat,28-07-2026 07:02,"Raj Nagar, Ghaziabad",28.68739,77.44626,broadband,4G,iPhone 14,resolved,Set top box remote replaced free of cost; paired and verified working.
T779068,Riya Kumar,+91-9872213255,"Internet not working since morning, router shows red light",email,21-08-2026 04:38,"Andheri, Mumbai",19.11415,72.87264,broadband,2G,OnePlus 11,open,
T701651,Meera Reddy,+91-9827880034,Company ka diya hua modem baar baar hang ho raha hai,chat,20-08-2026 12:34,Noida Sector 62,28.62205,77.36365,broadband,4G,iPhone 14,in_progress,
T109576,Kavya Gupta,+91-9836260378,Frequent call drops when talking for more than 2 minutes,social,12-08-2026 04:13,"Bandra, Mumbai",19.05164,72.83521,voice,3G,Xiaomi 13,open,
T202018,Ishaan Sharma,+91-9851250118,"Broadband has been down since yesterday in my area, no connectivity at all",social,19-08-2026 11:35,"T Nagar, Chennai",13.03521,80.23592,broadband,2G,Samsung Galaxy S23,open,
T489287,Riya Gupta,+91-9892409660,"I was charged twice for my monthly plan, need refund immediately",email,18-08-2026 23:35,"Connaught Place, Delhi",28.63076,77.22542,broadband,3G,iPhone 14,in_progress,
T714973,Ishaan Reddy,+91-9811847858,No signal inside my house since yesterday evening,app,25-08-2026 13:44,"Dwarka, Delhi",28.58816,77.04049,voice,3G,JioFiber ONT,resolved,Node rebooted at local exchange; connectivity restored and confirmed with customer.
T712328,Aditya Singh,+91-9869660493,"ONT box blinking red, replacement needed urgently",email,19-08-2026 07:26,"Indirapuram, Ghaziabad",28.64225,77.36913,broadband,5G,Xiaomi 13,resolved,Set top box remote replaced free of cost; paired and verified working.
T350629,Rohan Gupta,+91-9872617503,My router provided by company keeps restarting every hour,app,25-08-2026 06:07,"Dwarka, Delhi",28.59825,77.04352,broadband,5G,iPhone 14,open,
T108948,Varun Patel,+91-9882897088,"Mobile data extremely slow, pages take forever to load on 4G",app,12-08-2026 22:22,Gurgaon Sector 29,28.46595,77.03226,mobile data,5G,Xiaomi 13,in_progress,
T974625,Karan Verma,+91-9868437492,"Internet not working since morning, router shows red light",app,19-08-2026 16:20,"Dwarka, Delhi",28.60032,77.05428,broadband,2G,Samsung Galaxy S23,resolved,VoLTE re-provisioned on the SIM and phone rebooted; call drops stopped.
T116701,Ishaan Patel,+91-9853320084,"Net nahi chal raha hai subah se, kaam ruk gaya hai please fix",chat,25-08-2026 12:25,"Raj Nagar, Ghaziabad",28.69424,77.44648,broadband,fiber,OnePlus 11,open,
T272892,Diya Kumar,+91-9875790669,"Autopay deducted twice this month, very frustrating experience",call,10-08-2026 01:09,"Koramangala, Bangalore",12.92977,77.62904,broadband,3G,iPhone 14,resolved,Incorrect charge waived and adjusted in next invoice; goodwill credit of Rs 50 applied.
T570717,Sneha Sharma,+91-9891675959,"Net nahi chal raha hai subah se, kaam ruk gaya hai please fix",social,03-08-2026 11:33,"T Nagar, Chennai",13.04461,80.22875,broadband,fiber,JioFiber ONT,in_progress,
T339816,Aarav Das,+91-9896853189,"Broadband has been down since morning in my area, no connectivity at all",email,15-08-2026 04:58,"Whitefield, Bangalore",12.96377,77.75403,broadband,3G,Samsung Galaxy S23,open,
T324912,Riya Kumar,+91-9816002311,"Internet not working since morning, router shows red light",email,25-08-2026 11:49,"Raj Nagar, Ghaziabad",28.7016,77.44615,broadband,4G,Samsung Galaxy S23,open,
T151706,Sneha Verma,+91-9873868130,Frequent call drops when talking for more than 2 minutes,app,18-08-2026 16:29,"Andheri, Mumbai",19.1053,72.86974,voice,3G,,open,
T740255,Karan Kumar,+91-9841880763,"Internet not working since morning, router shows red light",email,05-08-2026 12:06,"Connaught Place, Delhi",28.62618,77.21148,broadband,5G,,in_progress,
T238205,Ishaan Verma,+91-9898725654,"App login not working, OTP never arrives",app,14-08-2026 00:23,"Koramangala, Bangalore",12.941,77.61926,other,4G,Samsung Galaxy S23,open,
T720517,Karan Gupta,+91-9843263373,"Broadband has been down since last night in my area, no connectivity at all",social,12-08-2026 17:14,"Bandra, Mumbai",19.06757,72.82786,broadband,2G,Samsung Galaxy S23,resolved,VoLTE re-provisioned on the SIM and phone rebooted; call drops stopped.
T732984,Rohan Gupta,+91-9892988418,"Mobile data extremely slow, pages take forever to load on 4G",social,25-08-2026 12:29,Gurgaon Sector 29,28.45657,77.02133,mobile data,2G,TP-Link Router,open,
T887042,Aditya Patel,+91-9880653292,Company ka diya hua modem baar baar hang ho raha hai,email,03-08-2026 12:12,"Whitefield, Bangalore",12.97014,77.75047,broadband,fiber,Samsung Galaxy S23,in_progress,
T667035,Rahul Kumar,+91-9883957197,"Internet not working since morning, router shows red light",app,25-08-2026 12:08,"Raj Nagar, Ghaziabad",28.6973,77.43524,broadband,3G,TP-Link Router,open,
T849461,Nikhil Sharma,+91-9899877837,"Net nahi chal raha hai subah se, kaam ruk gaya hai please fix",social,25-08-2026 11:48,"Raj Nagar, Ghaziabad",28.68396,77.4323,broadband,2G,iPhone 14,open,
T511967,Rohan Patel,+91-9816780654,New connection installation pending for 10 days despite payment,email,10-08-2026 13:10,"Connaught Place, Delhi",28.63301,77.2085,broadband,5G,OnePlus 11,open,
T291999,Rahul Gupta,+91-9891698732,"Internet not working since morning, router shows red light",app,13-08-2026 06:07,"Whitefield, Bangalore",12.97577,77.75004,broadband,4G,Xiaomi 13,resolved,"Fiber patch re-spliced at the junction box; link stable for 24 hours, ticket closed."
T875643,Priya Das,+91-9899206059,"Mobile data extremely slow, pages take forever to load on 4G",app,20-08-2026 21:27,Gurgaon Sector 29,28.45928,77.02311,mobile data,4G,TP-Link Router,resolved,VoLTE re-provisioned on the SIM and phone rebooted; call drops stopped.
T104359,Priya Singh,+91-9865662309,"Set top box remote not working, need replacement",call,13-08-2026 05:51,Gurgaon Sector 29,28.44981,77.01967,other,4G,,open,
T540586,Tanvi Verma,+91-9814897064,Wrong late fee added even though I paid before the due date,social,27-07-2026 13:20,"Connaught Place, Delhi",28.62905,77.21366,broadband,3G,JioFiber ONT,resolved,Incorrect charge waived and adjusted in next invoice; goodwill credit of Rs 50 applied.
T265855,Varun Das,+91-9832782148,"Wifi keeps disconnecting every few minutes, work from home impossible",call,25-08-2026 15:46,"Raj Nagar, Ghaziabad",28.68957,77.43275,broadband,5G,Samsung Galaxy S23,open,
T482199,Arjun Joshi,+91-9830454105,"Technician never showed up for the scheduled visit, no call either",email,10-08-2026 11:31,"Bandra, Mumbai",19.05297,72.82576,broadband,3G,JioFiber ONT,open,
T337798,Diya Singh,+91-9833050166,"Naya connection ke liye 2 hafte se wait kar raha hoon, koi response nahi",app,11-08-2026 14:01,"Bandra, Mumbai",19.06901,72.83489,broadband,2G,iPhone 14,open,
T429153,Vivaan Iyer,+91-9812672106,My router provided by company keeps restarting every hour,call,17-08-2026 09:56,"Koramangala, Bangalore",12.94321,77.62264,broadband,4G,JioFiber ONT,resolved,Faulty router replaced under warranty; new unit delivered and activated in 2 days.
T960979,Varun Singh,+91-9857617011,"Mobile data extremely slow, pages take forever to load on 4G",call,25-08-2026 12:28,Gurgaon Sector 29,28.46818,77.03397,mobile data,5G,Samsung Galaxy S23,open,
T804266,Karan Verma,+91-9896477961,"Autopay deducted twice this month, very frustrating experience",chat,25-08-2026 12:03,Noida Sector 62,28.63491,77.36802,broadband,4G,iPhone 14,open,
T986340,Priya Iyer,+91-9826050250,"Autopay deducted twice this month, very frustrating experience",chat,30-07-2026 16:24,"Bandra, Mumbai",19.06123,72.82242,broadband,5G,JioFiber ONT,resolved,Duplicate payment reversed to source account in 5 business days; customer confirmed receipt.
T388840,Tanvi Singh,+91-9842046782,"Internet not working since morning, router shows red light",social,23-08-2026 00:07,"Indirapuram, Ghaziabad",28.64599,77.37049,broadband,5G,Samsung Galaxy S23,resolved,Node rebooted at local exchange; connectivity restored and confirmed with customer.
T998626,Karan Singh,+91-9893265522,Need GST invoice for my corporate connection,call,12-08-2026 10:50,"Andheri, Mumbai",19.11972,72.86178,other,2G,TP-Link Router,in_progress,
T910616,Sameer Reddy,+91-9862953249,"Set top box remote not working, need replacement",app,30-07-2026 07:46,"Indirapuram, Ghaziabad",28.63284,77.38151,other,2G,OnePlus 11,open,
T999908,Rohan Singh,+91-9820820219,Company ka diya hua modem baar baar hang ho raha hai,call,14-08-2026 08:31,"Whitefield, Bangalore",12.96791,77.74754,broadband,5G,Samsung Galaxy S23,open,
T249319,Aditya Kumar,+91-9814028892,"Broadband has been down since 2 hours in my area, no connectivity at all",email,08-08-2026 21:52,"Raj Nagar, Ghaziabad",28.68649,77.44001,broadband,4G,Samsung Galaxy S23,open,
T976618,Riya Das,+91-9869192355,"Requested plan upgrade a week ago, still not activated",chat,28-07-2026 19:02,"Raj Nagar, Ghaziabad",28.68917,77.44428,broadband,4G,iPhone 14,resolved,Porting request re-submitted with corrected UPC code; number active on new plan.
T933790,Varun Joshi,+91-9811423586,Need GST invoice for my corporate connection,social,14-08-2026 19:32,"Andheri, Mumbai",19.11598,72.86649,other,2G,Xiaomi 13,resolved,Shared family plan options and activated chosen 4-line plan on request.
T449188,Rohan Iyer,+91-9858614170,"Wifi keeps disconnecting every few minutes, work from home impossible",app,25-08-2026 13:25,"Raj Nagar, Ghaziabad",28.68771,77.44325,broadband,2G,iPhone 14,open,
T933229,Sameer Reddy,+91-9812193574,Want to know about family plan options and pricing,social,25-08-2026 11:35,"Andheri, Mumbai",19.11687,72.86963,other,fiber,iPhone 14,resolved,GST invoice generated and emailed; billing profile updated with GSTIN.
T423404,Arjun Reddy,+91-9872579077,"ONT box blinking red, replacement needed urgently",app,10-08-2026 18:52,"Koramangala, Bangalore",12.93546,77.62445,broadband,2G,,resolved,"Overheating modem swapped; advised customer on ventilation, stable since."
T384303,Nikhil Gupta,+91-9837121108,5G not working on my new phone even though plan supports it,chat,13-08-2026 18:03,"Bandra, Mumbai",19.05178,72.83432,mobile data,3G,iPhone 14,open,
T955244,Ananya Patel,+91-9832420703,"4G speed ekdum slow ho gaya hai is week, barely 1 mbps",app,22-08-2026 13:09,"Dwarka, Delhi",28.59334,77.03979,mobile data,3G,TP-Link Router,resolved,Node rebooted at local exchange; connectivity restored and confirmed with customer.
T482746,Tanvi Gupta,+91-9853739710,"Requested plan upgrade a week ago, still not activated",email,27-07-2026 14:52,"Salt Lake, Kolkata",22.5807,88.42705,broadband,3G,JioFiber ONT,resolved,Technician visit rescheduled with slot confirmation; work completed on second visit.
T790266,Varun Kumar,+91-9893241474,"Broadband has been down since yesterday in my area, no connectivity at all",chat,16-08-2026 23:30,"Salt Lake, Kolkata",22.58718,88.41705,broadband,fiber,iPhone 14,resolved,Node rebooted at local exchange; connectivity restored and confirmed with customer.
T235410,Ishaan Kumar,+91-9865144861,"Broadband has been down since yesterday in my area, no connectivity at all",email,01-08-2026 19:47,Noida Sector 62,28.63186,77.36268,broadband,3G,iPhone 14,resolved,Node rebooted at local exchange; connectivity restored and confirmed with customer.
T831952,Sameer Singh,+91-9899477179,My router provided by company keeps restarting every hour,email,12-08-2026 23:07,"Connaught Place, Delhi",28.62973,77.22194,broadband,2G,OnePlus 11,in_progress,
T664607,Karan Sharma,+91-9879782527,"Internet not working since morning, router shows red light",app,13-08-2026 19:56,"Dwarka, Delhi",28.59073,77.05498,broadband,4G,TP-Link Router,in_progress,
T893454,Rohan Kumar,+91-9884940527,"Requested plan upgrade a week ago, still not activated",email,19-08-2026 16:43,"Indirapuram, Ghaziabad",28.64666,77.36283,broadband,5G,OnePlus 11,open,
T205907,Rohan Singh,+91-9820709497,"Internet not working since morning, router shows red light",app,22-08-2026 06:11,"Dwarka, Delhi",28.59117,77.05268,broadband,3G,OnePlus 11,open,
T792706,Diya Reddy,+91-9854312259,"Mobile data extremely slow, pages take forever to load on 4G",app,25-08-2026 11:20,Gurgaon Sector 29,28.45238,77.03184,mobile data,3G,Samsung Galaxy S23,open,
T612867,Ishaan Gupta,+91-9826154220,"Broadband has been down since 2 hours in my area, no connectivity at all",app,25-08-2026 11:13,"Raj Nagar, Ghaziabad",28.6909,77.43251,broadband,2G,,open,
T803011,Pooja Gupta,+91-9863069304,"Autopay deducted twice this month, very frustrating experience",app,28-07-2026 01:02,"Whitefield, Bangalore",12.97272,77.75732,broadband,2G,TP-Link Router,resolved,Duplicate payment reversed to source account in 5 business days; customer confirmed receipt.
T732819,Ananya Iyer,+91-9835925455,"Internet not working since morning, router shows red light",social,25-08-2026 11:44,"Raj Nagar, Ghaziabad",28.701,77.44706,broadband,fiber,,open,
T630155,Varun Sharma,+91-9848495745,"App login not working, OTP never arrives",app,12-08-2026 03:29,"T Nagar, Chennai",13.03684,80.23642,other,4G,,resolved,OTP delivery restored after SMS gateway fix; customer logged in successfully.
T205428,Rohan Sharma,+91-9823448342,"4G speed ekdum slow ho gaya hai is week, barely 1 mbps",call,01-08-2026 06:07,"Raj Nagar, Ghaziabad",28.70189,77.44786,mobile data,3G,Xiaomi 13,resolved,"Fiber patch re-spliced at the junction box; link stable for 24 hours, ticket closed."
T302544,Sneha Singh,+91-9886206305,"Broadband has been down since last night in my area, no connectivity at all",social,16-08-2026 22:47,Gurgaon Sector 29,28.46662,77.03454,broadband,5G,TP-Link Router,open,
T491526,Rohan Verma,+91-9833770928,"Broadband has been down since morning in my area, no connectivity at all",chat,25-08-2026 15:04,"Raj Nagar, Ghaziabad",28.69404,77.43304,broadband,2G,,open,
T421153,Sneha Verma,+91-9835113682,Bill me extra charges laga diye hain jo maine use nahi kiya,email,03-08-2026 18:47,"Andheri, Mumbai",19.11454,72.87474,mobile data,5G,,in_progress,
T995916,Diya Verma,+91-9847077298,5G not working on my new phone even though plan supports it,app,02-08-2026 07:01,"Whitefield, Bangalore",12.97848,77.75015,mobile data,2G,OnePlus 11,open,
T846454,Riya Singh,+91-9883525272,Company ka diya hua modem baar baar hang ho raha hai,chat,29-07-2026 00:02,"Andheri, Mumbai",19.10779,72.87399,broadband,4G,JioFiber ONT,open,
T541699,Vivaan Iyer,+91-9876927800,"Mobile data extremely slow, pages take forever to load on 4G",call,16-08-2026 09:44,Noida Sector 62,28.62606,77.36693,mobile data,fiber,Xiaomi 13,resolved,APN reset to default and cell congestion cleared after RF team added capacity; speeds normal.
T971776,Ishaan Patel,+91-9868065043,"Naya connection ke liye 2 hafte se wait kar raha hoon, koi response nahi",social,27-07-2026 07:20,"Koramangala, Bangalore",12.92826,77.61779,broadband,4G,JioFiber ONT,resolved,"Installation escalated to area field manager; completed next day, customer confirmed."
T753505,Arjun Verma,+91-9858712990,"Internet not working since morning, router shows red light",social,25-08-2026 14:52,"Raj Nagar, Ghaziabad",28.70069,77.43723,broadband,4G,JioFiber ONT,open,
T190674,Ishaan Joshi,+91-9884189605,"Technician never showed up for the scheduled visit, no call either",social,27-07-2026 09:18,"Connaught Place, Delhi",28.63128,77.22661,broadband,fiber,Xiaomi 13,open,
T760943,Rohan Joshi,+91-9877578073,"Net nahi chal raha hai subah se, kaam ruk gaya hai please fix",social,21-08-2026 20:29,"T Nagar, Chennai",13.04646,80.24105,broadband,fiber,,in_progress,
T939892,Tanvi Joshi,+91-9846637787,No signal inside my house since yesterday evening,app,02-08-2026 17:00,"Andheri, Mumbai",19.11312,72.87176,voice,5G,Xiaomi 13,open,
T541557,Nikhil Patel,+91-9818491573,No signal inside my house since yesterday evening,email,11-08-2026 17:15,Gurgaon Sector 29,28.46515,77.02382,voice,3G,JioFiber ONT,resolved,APN reset to default and cell congestion cleared after RF team added capacity; speeds normal.
T915922,Tanvi Iyer,+91-9871965637,"Set top box remote not working, need replacement",social,08-08-2026 16:23,"Dwarka, Delhi",28.59265,77.05533,other,3G,,open,
T487063,Rohan Joshi,+91-9833912234,"Broadband has been down since 2 hours in my area, no connectivity at all",app,29-07-2026 17:37,"Salt Lake, Kolkata",22.58673,88.40713,broadband,fiber,,open,
T550005,Ananya Singh,+91-9843199341,"ONT box blinking red, replacement needed urgently",email,12-08-2026 15:05,"Dwarka, Delhi",28.59623,77.0522,broadband,fiber,TP-Link Router,open,
T419443,Sneha Joshi,+91-9870604045,"Wifi keeps disconnecting every few minutes, work from home impossible",chat,03-08-2026 19:34,"Dwarka, Delhi",28.58419,77.04706,broadband,2G,,open,
T225961,Karan Reddy,+91-9829886575,Wrong late fee added even though I paid before the due date,call,20-08-2026 12:55,"Salt Lake, Kolkata",22.58831,88.40778,broadband,fiber,Xiaomi 13,resolved,Late fee reversed after payment date verification; autopay mandate corrected.
T615326,Diya Gupta,+91-9810561104,"Mobile data extremely slow, pages take forever to load on 4G",email,04-08-2026 01:36,"Connaught Place, Delhi",28.64031,77.22611,mobile data,4G,Xiaomi 13,resolved,APN reset to default and cell congestion cleared after RF team added capacity; speeds normal.
T129226,Arjun Verma,+91-9894019584,Bill me extra charges laga diye hain jo maine use nahi kiya,email,17-08-2026 22:30,"Dwarka, Delhi",28.59826,77.04785,mobile data,4G,,open,
T958160,Tanvi Gupta,+91-9884303190,"Autopay deducted twice this month, very frustrating experience",social,31-07-2026 18:45,Noida Sector 62,28.63074,77.37363,broadband,fiber,iPhone 14,resolved,Late fee reversed after payment date verification; autopay mandate corrected.
T675191,Nikhil Iyer,+91-9882555977,Need GST invoice for my corporate connection,chat,10-08-2026 14:57,Noida Sector 62,28.63639,77.36885,other,3G,TP-Link Router,in_progress,
T169163,Aditya Singh,+91-9826726377,"4G speed ekdum slow ho gaya hai is week, barely 1 mbps",call,28-07-2026 22:51,"Raj Nagar, Ghaziabad",28.68986,77.43497,mobile data,4G,iPhone 14,resolved,"Fiber patch re-spliced at the junction box; link stable for 24 hours, ticket closed."
T487982,Aditya Sharma,+91-9870005821,"Wifi keeps disconnecting every few minutes, work from home impossible",chat,25-08-2026 11:20,"Raj Nagar, Ghaziabad",28.68679,77.43482,broadband,3G,,open,
T194789,Diya Patel,+91-9899040902,"Naya connection ke liye 2 hafte se wait kar raha hoon, koi response nahi",chat,16-08-2026 09:23,"Koramangala, Bangalore",12.94123,77.62367,broadband,3G,Xiaomi 13,resolved,"Installation escalated to area field manager; completed next day, customer confirmed."
T563143,Nikhil Kumar,+91-9846644052,My recharge of 599 not reflecting but money deducted from bank,app,06-08-2026 19:28,"Andheri, Mumbai",19.11651,72.86688,mobile data,2G,OnePlus 11,resolved,Incorrect charge waived and adjusted in next invoice; goodwill credit of Rs 50 applied.
T570138,Riya Kumar,+91-9813239995,"Mobile data extremely slow, pages take forever to load on 4G",app,25-08-2026 15:57,Gurgaon Sector 29,28.46547,77.02581,mobile data,fiber,OnePlus 11,open,
T265649,Aarav Iyer,+91-9848605268,No signal inside my house since yesterday evening,email,04-08-2026 12:11,Gurgaon Sector 29,28.4684,77.03635,voice,4G,JioFiber ONT,open,
T174301,Ishaan Patel,+91-9813901068,"SIM porting request pending since last week, when will it complete",email,23-08-2026 00:52,"Indirapuram, Ghaziabad",28.64385,77.36892,voice,3G,JioFiber ONT,resolved,"Installation escalated to area field manager; completed next day, customer confirmed."
T599704,Sneha Verma,+91-9884430642,International roaming pack charged but never activated,app,21-08-2026 04:34,Gurgaon Sector 29,28.45387,77.02807,voice,3G,JioFiber ONT,in_progress,
T748696,Rohan Das,+91-9892040231,"Naya connection ke liye 2 hafte se wait kar raha hoon, koi response nahi",social,01-08-2026 02:26,"Indirapuram, Ghaziabad",28.64595,77.36462,broadband,5G,OnePlus 11,resolved,Technician visit rescheduled with slot confirmation; work completed on second visit.
T128678,Priya Patel,+91-9822881682,"Set top box remote not working, need replacement",social,14-08-2026 21:06,"Indirapuram, Ghaziabad",28.64276,77.3663,other,5G,,resolved,Set top box remote replaced free of cost; paired and verified working.
T662484,Arjun Kumar,+91-9867491018,My recharge of 599 not reflecting but money deducted from bank,call,07-08-2026 10:19,"Bandra, Mumbai",19.06939,72.83263,mobile data,5G,iPhone 14,open,
T532459,Pooja Gupta,+91-9840860700,"Net nahi chal raha hai subah se, kaam ruk gaya hai please fix",social,13-08-2026 16:33,"Indirapuram, Ghaziabad",28.64271,77.37642,broadband,4G,iPhone 14,open,
T120754,Tanvi Das,+91-9819921913,"Broadband has been down since yesterday in my area, no connectivity at all",social,25-08-2026 14:15,"Raj Nagar, Ghaziabad",28.6955,77.43395,broadband,fiber,Xiaomi 13,open,
T266006,Aarav Iyer,+91-9862644474,"Internet not working since morning, router shows red light",social,25-08-2026 13:17,"Raj Nagar, Ghaziabad",28.68815,77.4321,broadband,fiber,JioFiber ONT,open,
T391773,Sneha Gupta,+91-9871028710,International roaming pack charged but never activated,app,13-08-2026 14:00,"Raj Nagar, Ghaziabad",28.6993,77.43771,voice,fiber,Samsung Galaxy S23,resolved,Late fee reversed after payment date verification; autopay mandate corrected.
T809176,Ananya Iyer,+91-9820106509,"App login not working, OTP never arrives",social,10-08-2026 00:11,Gurgaon Sector 29,28.45682,77.03241,other,2G,OnePlus 11,resolved,OTP delivery restored after SMS gateway fix; customer logged in successfully.
T777255,Ishaan Patel,+91-9896104027,"Autopay deducted twice this month, very frustrating experience",app,12-08-2026 08:35,"Raj Nagar, Ghaziabad",28.70246,77.43595,broadband,5G,Xiaomi 13,in_progress,
T122508,Ananya Verma,+91-9821509178,"Broadband has been down since morning in my area, no connectivity at all",call,25-08-2026 10:56,"Raj Nagar, Ghaziabad",28.68923,77.4301,broadband,4G,iPhone 14,open,
T889614,Tanvi Iyer,+91-9826092896,Frequent call drops when talking for more than 2 minutes,email,17-08-2026 16:06,"Salt Lake, Kolkata",22.59006,88.41754,voice,3G,TP-Link Router,resolved,VoLTE re-provisioned on the SIM and phone rebooted; call drops stopped.
T116901,Rohan Sharma,+91-9844769739,"SIM porting request pending since last week, when will it complete",social,23-08-2026 12:20,Noida Sector 62,28.63137,77.36691,voice,4G,Samsung Galaxy S23,in_progress,
T133875,Vivaan Singh,+91-9837380537,Frequent call drops when talking for more than 2 minutes,email,14-08-2026 00:29,"T Nagar, Chennai",13.03385,80.24146,voice,fiber,,open,
T465484,Priya Iyer,+91-9836741208,No signal inside my house since yesterday evening,email,19-08-2026 15:54,"Indirapuram, Ghaziabad",28.6469,77.37232,voice,fiber,Xiaomi 13,in_progress,
T156752,Diya Kumar,+91-9887897778,"Wifi keeps disconnecting every few minutes, work from home impossible",email,07-08-2026 12:03,"Koramangala, Bangalore",12.93829,77.62604,broadband,5G,JioFiber ONT,open,
T832411,Sneha Reddy,+91-9823474864,Want to know about family plan options and pricing,social,06-08-2026 15:06,"Salt Lake, Kolkata",22.57803,88.41552,other,fiber,JioFiber ONT,open,
T726680,Rahul Patel,+91-9869315901,"I was charged twice for my monthly plan, need refund immediately",chat,09-08-2026 13:49,"Bandra, Mumbai",19.0638,72.82008,broadband,2G,iPhone 14,open,
T539033,Tanvi Joshi,+91-9855051587,Need GST invoice for my corporate connection,chat,10-08-2026 08:28,"Salt Lake, Kolkata",22.5788,88.42462,other,2G,Xiaomi 13,open,
T395192,Ananya Singh,+91-9850446607,New connection installation pending for 10 days despite payment,email,09-08-2026 03:27,"Indirapuram, Ghaziabad",28.6399,77.37561,broadband,5G,iPhone 14,open,
T930892,Diya Gupta,+91-9821220004,"Internet not working since morning, router shows red light",call,27-07-2026 02:13,"Raj Nagar, Ghaziabad",28.69345,77.44467,broadband,2G,iPhone 14,resolved,Node rebooted at local exchange; connectivity restored and confirmed with customer.
T172236,Sneha Verma,+91-9859656286,"Net nahi chal raha hai subah se, kaam ruk gaya hai please fix",chat,25-08-2026 10:26,"Raj Nagar, Ghaziabad",28.69508,77.44185,broadband,3G,Samsung Galaxy S23,open,
T543588,Pooja Reddy,+91-9890050918,New connection installation pending for 10 days despite payment,email,18-08-2026 23:45,"Salt Lake, Kolkata",22.58941,88.42097,broadband,3G,TP-Link Router,resolved,Technician visit rescheduled with slot confirmation; work completed on second visit.
T130170,Arjun Gupta,+91-9866147435,"Mobile data extremely slow, pages take forever to load on 4G",app,29-07-2026 02:42,"Dwarka, Delhi",28.58681,77.04502,mobile data,3G,OnePlus 11,resolved,VoLTE re-provisioned on the SIM and phone rebooted; call drops stopped.
T576663,Vivaan Reddy,+91-9850056450,"Technician never showed up for the scheduled visit, no call either",call,02-08-2026 22:47,Noida Sector 62,28.63386,77.37365,broadband,2G,Samsung Galaxy S23,open,
T275133,Diya Verma,+91-9861479273,"I was charged twice for my monthly plan, need refund immediately",call,09-08-2026 18:02,"Salt Lake, Kolkata",22.58266,88.41292,broadband,fiber,TP-Link Router,resolved,Payment reconciliation job re-run with the transaction ID; recharge credited same day.
T106131,Varun Singh,+91-9824271459,5G not working on my new phone even though plan supports it,call,21-08-2026 20:43,"Connaught Place, Delhi",28.62177,77.21982,mobile data,5G,JioFiber ONT,resolved,Faulty router replaced under warranty; new unit delivered and activated in 2 days.
T768692,Karan Singh,+91-9892326231,"Internet not working since morning, router shows red light",email,17-08-2026 07:37,"Salt Lake, Kolkata",22.58731,88.42619,broadband,4G,,resolved,VoLTE re-provisioned on the SIM and phone rebooted; call drops stopped.
T352009,Arjun Gupta,+91-9884046763,"ONT box blinking red, replacement needed urgently",call,24-08-2026 22:10,"Whitefield, Bangalore",12.97933,77.7513,broadband,fiber,,resolved,Faulty router replaced under warranty; new unit delivered and activated in 2 days.
T779094,Tanvi Gupta,+91-9867061186,No signal inside my house since yesterday evening,app,14-08-2026 19:12,"T Nagar, Chennai",13.04833,80.22553,voice,3G,,resolved,VoLTE re-provisioned on the SIM and phone rebooted; call drops stopped.
T385015,Rahul Das,+91-9844200177,No signal inside my house since yesterday evening,email,25-08-2026 15:13,"Dwarka, Delhi",28.58251,77.04734,voice,2G,iPhone 14,open,
T320507,Ananya Singh,+91-9891809287,"Wifi keeps disconnecting every few minutes, work from home impossible",app,25-08-2026 11:38,"Raj Nagar, Ghaziabad",28.68573,77.44363,broadband,3G,,open,
T362769,Vivaan Verma,+91-9819450582,"Wifi keeps disconnecting every few minutes, work from home impossible",call,13-08-2026 15:16,"Salt Lake, Kolkata",22.59463,88.41008,broadband,2G,Samsung Galaxy S23,open,
T911982,Ishaan Kumar,+91-9817993466,Company ka diya hua modem baar baar hang ho raha hai,social,09-08-2026 21:58,"Connaught Place, Delhi",28.63871,77.22591,broadband,4G,JioFiber ONT,resolved,Set top box remote replaced free of cost; paired and verified working.
T890795,Sneha Singh,+91-9873607213,New connection installation pending for 10 days despite payment,social,31-07-2026 13:37,"Salt Lake, Kolkata",22.59127,88.42555,broadband,4G,JioFiber ONT,open,
T835575,Arjun Patel,+91-9826031369,"Internet not working since morning, router shows red light",chat,28-07-2026 17:09,"Whitefield, Bangalore",12.96973,77.74693,broadband,fiber,,resolved,VoLTE re-provisioned on the SIM and phone rebooted; call drops stopped.
T623968,Rahul Iyer,+91-9859720070,"Wifi keeps disconnecting every few minutes, work from home impossible",email,25-08-2026 13:26,"Raj Nagar, Ghaziabad",28.68887,77.44828,broadband,3G,iPhone 14,open,
T334488,Ananya Patel,+91-9884492729,"4G speed ekdum slow ho gaya hai is week, barely 1 mbps",chat,25-08-2026 13:36,Gurgaon Sector 29,28.45879,77.01967,mobile data,2G,JioFiber ONT,open,
T446479,Aditya Sharma,+91-9840728046,"Broadband has been down since morning in my area, no connectivity at all",social,15-08-2026 09:37,"Whitefield, Bangalore",12.96456,77.75338,broadband,3G,TP-Link Router,resolved,Node rebooted at local exchange; connectivity restored and confirmed with customer.
T641386,Ishaan Iyer,+91-9847929886,"Requested plan upgrade a week ago, still not activated",call,18-08-2026 12:45,"Bandra, Mumbai",19.05829,72.82931,broadband,fiber,iPhone 14,resolved,"Installation escalated to area field manager; completed next day, customer confirmed."
T724756,Sameer Gupta,+91-9843214247,"ONT box blinking red, replacement needed urgently",social,03-08-2026 23:53,"Koramangala, Bangalore",12.93413,77.62858,broadband,2G,TP-Link Router,open,
T299072,Vivaan Das,+91-9861995659,International roaming pack charged but never activated,email,31-07-2026 22:40,"Koramangala, Bangalore",12.93316,77.62059,voice,4G,Xiaomi 13,resolved,Duplicate payment reversed to source account in 5 business days; customer confirmed receipt.
T362554,Varun Das,+91-9816719620,"Mobile data extremely slow, pages take forever to load on 4G",social,25-08-2026 14:48,Gurgaon Sector 29,28.46814,77.02566,mobile data,4G,iPhone 14,open,
T718196,Nikhil Patel,+91-9834622346,"ONT box blinking red, replacement needed urgently",chat,12-08-2026 06:11,"Andheri, Mumbai",19.12151,72.87157,broadband,4G,JioFiber ONT,open,
T992325,Rohan Sharma,+91-9849047995,"Autopay deducted twice this month, very frustrating experience",call,29-07-2026 01:39,"Bandra, Mumbai",19.06085,72.82596,broadband,4G,Xiaomi 13,resolved,Incorrect charge waived and adjusted in next invoice; goodwill credit of Rs 50 applied.
T319551,Meera Singh,+91-9831554308,"Net nahi chal raha hai subah se, kaam ruk gaya hai please fix",email,25-08-2026 15:45,"Raj Nagar, Ghaziabad",28.69767,77.44392,broadband,3G,,open,
T897460,Diya Patel,+91-9878433310,"Mobile data extremely slow, pages take forever to load on 4G",email,23-08-2026 21:18,Gurgaon Sector 29,28.45977,77.03635,mobile data,fiber,iPhone 14,resolved,VoLTE re-provisioned on the SIM and phone rebooted; call drops stopped.
T217830,Rohan Gupta,+91-9860173377,"Internet not working since morning, router shows red light",chat,05-08-2026 09:03,"Connaught Place, Delhi",28.64048,77.22523,broadband,4G,Samsung Galaxy S23,resolved,Node rebooted at local exchange; connectivity restored and confirmed with customer.
T627812,Varun Das,+91-9823381785,"Requested plan upgrade a week ago, still not activated",app,20-08-2026 16:55,"Andheri, Mumbai",19.12063,72.86394,broadband,5G,TP-Link Router,open,
T261505,Meera Gupta,+91-9813602405,5G not working on my new phone even though plan supports it,app,30-07-2026 23:16,"Bandra, Mumbai",19.06872,72.83618,mobile data,5G,Samsung Galaxy S23,open,
T360221,Diya Gupta,+91-9847173969,"App login not working, OTP never arrives",call,11-08-2026 02:38,"Andheri, Mumbai",19.12056,72.87287,other,4G,iPhone 14,open,
T812437,Diya Patel,+91-9867529530,"Technician never showed up for the scheduled visit, no call either",chat,23-08-2026 10:49,"Indirapuram, Ghaziabad",28.64986,77.37614,broadband,fiber,,resolved,Porting request re-submitted with corrected UPC code; number active on new plan.
T503310,Sameer Das,+91-9876115841,"Requested plan upgrade a week ago, still not activated",social,31-07-2026 10:08,"Andheri, Mumbai",19.1179,72.87024,broadband,3G,JioFiber ONT,resolved,Porting request re-submitted with corrected UPC code; number active on new plan.
T156778,Riya Singh,+91-9863402482,"Call quality bahut kharab hai, awaaz cut hoti rehti hai",email,03-08-2026 02:04,Gurgaon Sector 29,28.46829,77.01725,voice,4G,Xiaomi 13,resolved,VoLTE re-provisioned on the SIM and phone rebooted; call drops stopped.
T442978,Riya Iyer,+91-9867096991,Frequent call drops when talking for more than 2 minutes,social,23-08-2026 01:09,"Indirapuram, Ghaziabad",28.6472,77.36722,voice,5G,Xiaomi 13,open,
T992744,Varun Singh,+91-9836082023,"4G speed ekdum slow ho gaya hai is week, barely 1 mbps",social,17-08-2026 01:11,"Connaught Place, Delhi",28.62296,77.22013,mobile data,4G,Samsung Galaxy S23,resolved,Node rebooted at local exchange; connectivity restored and confirmed with customer.
T233051,Karan Sharma,+91-9847221734,Frequent call drops when talking for more than 2 minutes,chat,21-08-2026 02:09,"Koramangala, Bangalore",12.92812,77.62094,voice,3G,,open,
T641922,Pooja Sharma,+91-9877390918,"Net nahi chal raha hai subah se, kaam ruk gaya hai please fix",call,11-08-2026 19:44,"Bandra, Mumbai",19.06859,72.82848,broadband,3G,iPhone 14,open,
T879020,Aarav Das,+91-9827489655,"Set top box remote not working, need replacement",chat,21-08-2026 00:20,"Indirapuram, Ghaziabad",28.645,77.3666,other,5G,Samsung Galaxy S23,resolved,"Overheating modem swapped; advised customer on ventilation, stable since."
T561809,Meera Reddy,+91-9882038305,"Wifi keeps disconnecting every few minutes, work from home impossible",social,25-08-2026 15:12,"Raj Nagar, Ghaziabad",28.69879,77.42831,broadband,5G,Xiaomi 13,open,
T568791,Ananya Sharma,+91-9865479681,"Mobile data extremely slow, pages take forever to load on 4G",chat,25-08-2026 10:36,"Indirapuram, Ghaziabad",28.64649,77.37811,mobile data,4G,OnePlus 11,resolved,VoLTE re-provisioned on the SIM and phone rebooted; call drops stopped.
T954653,Vivaan Reddy,+91-9864482291,"Internet down AGAIN and customer care disconnected my call twice. I am seriously considering porting to another provider, last chance.",chat,23-08-2026 18:18,"Connaught Place, Delhi",28.62978,77.22627,broadband,4G,OnePlus 11,open,
T715388,Rahul Iyer,+91-9889731181,"4G speed ekdum slow ho gaya hai is week, barely 1 mbps",app,24-08-2026 00:47,"Indirapuram, Ghaziabad",28.63527,77.38029,mobile data,2G,OnePlus 11,resolved,"Fiber patch re-spliced at the junction box; link stable for 24 hours, ticket closed."
T539673,Vivaan Patel,+91-9887115770,"ONT box blinking red, replacement needed urgently",social,07-08-2026 12:36,"Raj Nagar, Ghaziabad",28.70007,77.44273,broadband,4G,OnePlus 11,resolved,"Overheating modem swapped; advised customer on ventilation, stable since."
T534153,Ananya Gupta,+91-9892585240,Wrong late fee added even though I paid before the due date,app,24-08-2026 07:58,"Indirapuram, Ghaziabad",28.63899,77.37852,broadband,3G,Samsung Galaxy S23,in_progress,
T529838,Ananya Gupta,+91-9869727893,5G not working on my new phone even though plan supports it,chat,11-08-2026 02:18,"Bandra, Mumbai",19.05664,72.82961,mobile data,4G,JioFiber ONT,open,
T845937,Sneha Iyer,+91-9840310459,No signal inside my house since yesterday evening,app,03-08-2026 02:50,"Bandra, Mumbai",19.06077,72.83696,voice,3G,JioFiber ONT,resolved,APN reset to default and cell congestion cleared after RF team added capacity; speeds normal.
T883300,Meera Patel,+91-9845551614,International roaming pack charged but never activated,social,02-08-2026 16:52,"T Nagar, Chennai",13.03979,80.22849,voice,3G,TP-Link Router,resolved,Payment reconciliation job re-run with the transaction ID; recharge credited same day.
T483699,Priya Gupta,+91-9846159360,"SIM porting request pending since last week, when will it complete",email,16-08-2026 21:44,Gurgaon Sector 29,28.45798,77.02498,voice,4G,OnePlus 11,resolved,Plan upgrade applied manually and prorated; confirmation SMS sent.
T431863,Tanvi Sharma,+91-9875814814,No signal inside my house since yesterday evening,email,06-08-2026 20:06,"Bandra, Mumbai",19.06325,72.83877,voice,3G,OnePlus 11,resolved,Node rebooted at local exchange; connectivity restored and confirmed with customer.
T774044,Rohan Iyer,+91-9859636618,International roaming pack charged but never activated,app,24-08-2026 06:58,"Whitefield, Bangalore",12.96268,77.7526,voice,2G,Samsung Galaxy S23,resolved,Duplicate payment reversed to source account in 5 business days; customer confirmed receipt.
T484047,Sneha Patel,+91-9888765336,Bill me extra charges laga diye hain jo maine use nahi kiya,email,24-08-2026 15:57,"Whitefield, Bangalore",12.96813,77.75335,mobile data,2G,Samsung Galaxy S23,open,
T620287,Varun Kumar,+91-9892058189,"Call quality bahut kharab hai, awaaz cut hoti rehti hai",app,23-08-2026 22:47,"Whitefield, Bangalore",12.97471,77.74476,voice,4G,iPhone 14,resolved,Node rebooted at local exchange; connectivity restored and confirmed with customer.
T944986,Varun Verma,+91-9852065222,"4G speed ekdum slow ho gaya hai is week, barely 1 mbps",email,21-08-2026 07:35,"Bandra, Mumbai",19.05396,72.82164,mobile data,3G,OnePlus 11,resolved,"Fiber patch re-spliced at the junction box; link stable for 24 hours, ticket closed."
T792102,Vivaan Das,+91-9896035199,Wrong late fee added even though I paid before the due date,email,15-08-2026 14:03,"Koramangala, Bangalore",12.93901,77.62338,broadband,fiber,Samsung Galaxy S23,open,
T280865,Pooja Iyer,+91-9850626311,"4G speed ekdum slow ho gaya hai is week, barely 1 mbps",call,20-08-2026 00:24,"Raj Nagar, Ghaziabad",28.69815,77.4456,mobile data,5G,OnePlus 11,open,
T686424,Varun Reddy,+91-9818830219,"I was charged twice for my monthly plan, need refund immediately",app,22-08-2026 22:19,"Bandra, Mumbai",19.0666,72.82753,broadband,fiber,,resolved,Duplicate payment reversed to source account in 5 business days; customer confirmed receipt.
T242723,Meera Singh,+91-9841354768,Bill me extra charges laga diye hain jo maine use nahi kiya,chat,10-08-2026 13:48,"Salt Lake, Kolkata",22.57881,88.41609,mobile data,4G,Xiaomi 13,resolved,Incorrect charge waived and adjusted in next invoice; goodwill credit of Rs 50 applied.
T760766,Aarav Sharma,+91-9896083599,Company ka diya hua modem baar baar hang ho raha hai,chat,04-08-2026 19:05,Noida Sector 62,28.61706,77.3589,broadband,4G,OnePlus 11,open,
T162571,Rahul Gupta,+91-9845227919,"4G speed ekdum slow ho gaya hai is week, barely 1 mbps",call,23-08-2026 20:03,Gurgaon Sector 29,28.46691,77.03221,mobile data,2G,iPhone 14,resolved,"Fiber patch re-spliced at the junction box; link stable for 24 hours, ticket closed."
T731894,Aditya Kumar,+91-9898707076,"Wifi keeps disconnecting every few minutes, work from home impossible",chat,10-08-2026 19:19,Gurgaon Sector 29,28.4633,77.02363,broadband,2G,JioFiber ONT,resolved,"Fiber patch re-spliced at the junction box; link stable for 24 hours, ticket closed."
T850328,Sameer Iyer,+91-9841074206,"Wifi keeps disconnecting every few minutes, work from home impossible",app,25-08-2026 11:21,"Raj Nagar, Ghaziabad",28.68988,77.44026,broadband,5G,,open,
T193519,Riya Sharma,+91-9835243522,"Broadband has been down since 2 hours in my area, no connectivity at all",social,25-08-2026 13:42,"Raj Nagar, Ghaziabad",28.69756,77.43973,broadband,3G,JioFiber ONT,open,
T415005,Nikhil Sharma,+91-9846278860,"Broadband has been down since morning in my area, no connectivity at all",call,20-08-2026 05:23,"Bandra, Mumbai",19.05518,72.83169,broadband,5G,Samsung Galaxy S23,resolved,"Fiber patch re-spliced at the junction box; link stable for 24 hours, ticket closed."
T999422,Riya Singh,+91-9869513720,"Set top box remote not working, need replacement",chat,25-08-2026 12:56,"Koramangala, Bangalore",12.93298,77.61826,other,3G,Xiaomi 13,open,
T952924,Rohan Gupta,+91-9835574404,"Wifi keeps disconnecting every few minutes, work from home impossible",app,02-08-2026 22:25,"T Nagar, Chennai",13.04673,80.23174,broadband,5G,,in_progress,
T830139,Ananya Joshi,+91-9853534095,No signal inside my house since yesterday evening,chat,17-08-2026 14:53,"Whitefield, Bangalore",12.96644,77.75271,voice,4G,,in_progress,
T950100,Priya Iyer,+91-9898816127,"Wifi keeps disconnecting every few minutes, work from home impossible",call,09-08-2026 13:38,Gurgaon Sector 29,28.46673,77.03616,broadband,3G,OnePlus 11,resolved,APN reset to default and cell congestion cleared after RF team added capacity; speeds normal.
T246054,Sneha Reddy,+91-9845014869,"Internet not working since morning, router shows red light",social,24-08-2026 01:25,"T Nagar, Chennai",13.04814,80.23069,broadband,2G,iPhone 14,resolved,Node rebooted at local exchange; connectivity restored and confirmed with customer.
T176066,Arjun Iyer,+91-9852436584,"Set top box remote not working, need replacement",email,19-08-2026 11:12,"Andheri, Mumbai",19.11602,72.87096,other,2G,Samsung Galaxy S23,in_progress,
T163429,Ishaan Gupta,+91-9828478117,Wrong late fee added even though I paid before the due date,app,28-07-2026 04:01,"Bandra, Mumbai",19.06129,72.82976,broadband,4G,OnePlus 11,open,
T843544,Kavya Reddy,+91-9815070029,Need GST invoice for my corporate connection,app,07-08-2026 05:58,Noida Sector 62,28.63041,77.36418,other,5G,Samsung Galaxy S23,resolved,OTP delivery restored after SMS gateway fix; customer logged in successfully.
T968376,Sameer Kumar,+91-9813025600,"Technician never showed up for the scheduled visit, no call either",email,23-08-2026 01:56,"Dwarka, Delhi",28.59617,77.03736,broadband,3G,OnePlus 11,resolved,Plan upgrade applied manually and prorated; confirmation SMS sent.
T322964,Sneha Verma,+91-9852585253,International roaming pack charged but never activated,call,16-08-2026 08:17,"Andheri, Mumbai",19.10917,72.86047,voice,3G,Xiaomi 13,resolved,Late fee reversed after payment date verification; autopay mandate corrected.
T798130,Karan Patel,+91-9875409954,"Wifi keeps disconnecting every few minutes, work from home impossible",app,25-08-2026 11:54,"Raj Nagar, Ghaziabad",28.70183,77.42964,broadband,4G,JioFiber ONT,open,
T578987,Riya Iyer,+91-9817467311,"Net nahi chal raha hai subah se, kaam ruk gaya hai please fix",social,03-08-2026 04:14,"Whitefield, Bangalore",12.96905,77.75614,broadband,2G,Xiaomi 13,resolved,"Fiber patch re-spliced at the junction box; link stable for 24 hours, ticket closed."
T833968,Sameer Joshi,+91-9835413534,"Internet not working since morning, router shows red light",call,25-08-2026 13:55,"Raj Nagar, Ghaziabad",28.68636,77.44527,broadband,3G,iPhone 14,open,
T396951,Sneha Patel,+91-9863671462,Frequent call drops when talking for more than 2 minutes,social,07-08-2026 18:49,"Indirapuram, Ghaziabad",28.63988,77.36383,voice,5G,JioFiber ONT,open,
T479264,Sneha Joshi,+91-9862962477,"I was charged twice for my monthly plan, need refund immediately",app,31-07-2026 17:16,"Dwarka, Delhi",28.59775,77.05221,broadband,fiber,Samsung Galaxy S23,resolved,Payment reconciliation job re-run with the transaction ID; recharge credited same day.
T575976,Sameer Joshi,+91-9843946491,Company ka diya hua modem baar baar hang ho raha hai,email,24-08-2026 08:54,"T Nagar, Chennai",13.04462,80.24296,broadband,2G,,open,
T773540,Karan Reddy,+91-9887161840,New connection installation pending for 10 days despite payment,email,03-08-2026 15:20,"Andheri, Mumbai",19.11292,72.87005,broadband,3G,,resolved,Plan upgrade applied manually and prorated; confirmation SMS sent.
T398641,Ishaan Singh,+91-9863446108,"Net nahi chal raha hai subah se, kaam ruk gaya hai please fix",app,25-08-2026 11:35,"Raj Nagar, Ghaziabad",28.69971,77.43353,broadband,2G,Xiaomi 13,open,
T262018,Tanvi Iyer,+91-9831896876,"ONT box blinking red, replacement needed urgently",call,03-08-2026 13:24,"Connaught Place, Delhi",28.63237,77.21205,broadband,fiber,Samsung Galaxy S23,resolved,SIM replaced at store; 5G registering correctly on the handset now.
T977634,Aarav Singh,+91-9826373347,Bill me extra charges laga diye hain jo maine use nahi kiya,chat,21-08-2026 03:09,"Bandra, Mumbai",19.05018,72.8287,mobile data,5G,Xiaomi 13,resolved,Duplicate payment reversed to source account in 5 business days; customer confirmed receipt.
T459042,Nikhil Kumar,+91-9822212161,"Mobile data extremely slow, pages take forever to load on 4G",app,24-08-2026 21:23,Gurgaon Sector 29,28.46208,77.03528,mobile data,4G,TP-Link Router,resolved,"Fiber patch re-spliced at the junction box; link stable for 24 hours, ticket closed."
T402654,Kavya Iyer,+91-9865782199,"Net nahi chal raha hai subah se, kaam ruk gaya hai please fix",email,30-07-2026 21:22,"Bandra, Mumbai",19.06417,72.82778,broadband,fiber,TP-Link Router,open,
T172988,Meera Patel,+91-9851343854,"Wifi keeps disconnecting every few minutes, work from home impossible",social,31-07-2026 03:51,Noida Sector 62,28.63243,77.36248,broadband,5G,JioFiber ONT,in_progress,
T572552,Nikhil Patel,+91-9877459675,"Mobile data extremely slow, pages take forever to load on 4G",chat,19-08-2026 07:26,"Salt Lake, Kolkata",22.58072,88.4221,mobile data,3G,OnePlus 11,in_progress,
T152326,Karan Kumar,+91-9898617699,"Broadband has been down since 2 hours in my area, no connectivity at all",chat,11-08-2026 12:07,"Bandra, Mumbai",19.0566,72.82517,broadband,fiber,JioFiber ONT,open,
T334181,Vivaan Iyer,+91-9843096161,"Net nahi chal raha hai subah se, kaam ruk gaya hai please fix",app,25-08-2026 14:56,"Raj Nagar, Ghaziabad",28.68972,77.44071,broadband,fiber,iPhone 14,open,
T871501,Kavya Verma,+91-9893276088,"Naya connection ke liye 2 hafte se wait kar raha hoon, koi response nahi",social,31-07-2026 17:40,"Whitefield, Bangalore",12.97871,77.75349,broadband,2G,Samsung Galaxy S23,open,
T520345,Kavya Singh,+91-9816564881,"Wifi keeps disconnecting every few minutes, work from home impossible",email,25-08-2026 14:52,"Raj Nagar, Ghaziabad",28.70062,77.44774,broadband,5G,Xiaomi 13,open,
T674835,Varun Kumar,+91-9872193264,"Internet not working since morning, router shows red light",app,25-08-2026 14:32,"Raj Nagar, Ghaziabad",28.69548,77.43257,broadband,3G,Xiaomi 13,open,
T813824,Rohan Sharma,+91-9890535106,"ONT box blinking red, replacement needed urgently",call,01-08-2026 21:08,"Connaught Place, Delhi",28.63461,77.22665,broadband,4G,Xiaomi 13,resolved,"Overheating modem swapped; advised customer on ventilation, stable since."
T460234,Aditya Das,+91-9887796412,My router provided by company keeps restarting every hour,email,03-08-2026 22:07,"Dwarka, Delhi",28.59118,77.05412,broadband,fiber,JioFiber ONT,resolved,Faulty router replaced under warranty; new unit delivered and activated in 2 days.
T377120,Vivaan Iyer,+91-9858469806,"Requested plan upgrade a week ago, still not activated",social,25-08-2026 15:15,"Indirapuram, Ghaziabad",28.65079,77.3803,broadband,3G,Samsung Galaxy S23,resolved,"Installation escalated to area field manager; completed next day, customer confirmed."
T305625,Kavya Iyer,+91-9863058791,"SIM porting request pending since last week, when will it complete",chat,03-08-2026 12:52,"Connaught Place, Delhi",28.62293,77.22224,voice,4G,JioFiber ONT,open,
T787614,Rohan Das,+91-9896526415,"Broadband has been down since 2 hours in my area, no connectivity at all",chat,22-08-2026 13:24,"Dwarka, Delhi",28.59397,77.04994,broadband,fiber,Xiaomi 13,resolved,APN reset to default and cell congestion cleared after RF team added capacity; speeds normal.
T589215,Sneha Das,+91-9857990755,Company ka diya hua modem baar baar hang ho raha hai,email,05-08-2026 07:29,"Koramangala, Bangalore",12.93443,77.63275,broadband,2G,,resolved,SIM replaced at store; 5G registering correctly on the handset now.
T377877,Pooja Iyer,+91-9875645462,"I was charged twice for my monthly plan, need refund immediately",social,20-08-2026 04:00,"Bandra, Mumbai",19.05735,72.82692,broadband,5G,OnePlus 11,open,
T165858,Ananya Sharma,+91-9842002808,"I was charged twice for my monthly plan, need refund immediately",email,14-08-2026 14:36,Gurgaon Sector 29,28.46143,77.01693,broadband,fiber,TP-Link Router,resolved,Late fee reversed after payment date verification; autopay mandate corrected.
T911739,Rahul Iyer,+91-9875504221,Company ka diya hua modem baar baar hang ho raha hai,email,12-08-2026 18:16,"Koramangala, Bangalore",12.9379,77.62845,broadband,2G,,resolved,Faulty router replaced under warranty; new unit delivered and activated in 2 days.
T477735,Aditya Singh,+91-9840566959,"SIM porting request pending since last week, when will it complete",social,02-08-2026 02:03,"Koramangala, Bangalore",12.92921,77.61843,voice,4G,OnePlus 11,resolved,"Installation escalated to area field manager; completed next day, customer confirmed."
T224205,Diya Joshi,+91-9850780112,Frequent call drops when talking for more than 2 minutes,social,22-08-2026 23:36,"T Nagar, Chennai",13.04372,80.23647,voice,fiber,Xiaomi 13,resolved,VoLTE re-provisioned on the SIM and phone rebooted; call drops stopped.
T404779,Rohan Das,+91-9811066084,5G not working on my new phone even though plan supports it,chat,22-08-2026 19:50,"T Nagar, Chennai",13.0432,80.24118,mobile data,3G,Xiaomi 13,resolved,Faulty router replaced under warranty; new unit delivered and activated in 2 days.
T655660,Rohan Das,+91-9892355208,"App login not working, OTP never arrives",email,25-08-2026 14:00,"Andheri, Mumbai",19.12315,72.85977,other,2G,OnePlus 11,open,
T615566,Pooja Joshi,+91-9832180457,"Wifi keeps disconnecting every few minutes, work from home impossible",social,25-08-2026 13:22,"Raj Nagar, Ghaziabad",28.69453,77.4442,broadband,3G,Samsung Galaxy S23,open,
T787614,Rohan Das,+91-9896526415,"Broadband has been down since 2 hours in my area, no connectivity at all",email,22-08-2026 13:24,"Dwarka, Delhi",28.59397,77.04994,broadband,fiber,Xiaomi 13,resolved,APN reset to default and cell congestion cleared after RF team added capacity; speeds normal.
T644719,Aditya Singh,+91-9820460308,5G not working on my new phone even though plan supports it,call,23-08-2026 13:45,"Koramangala, Bangalore",12.9397,77.62513,mobile data,3G,iPhone 14,in_progress,
T433864,Meera Sharma,+91-9821842256,"Broadband has been down since 2 hours in my area, no connectivity at all",social,25-08-2026 12:29,"Raj Nagar, Ghaziabad",28.69616,77.42962,broadband,4G,JioFiber ONT,open,
T891645,Tanvi Kumar,+91-9892125234,"Autopay deducted twice this month, very frustrating experience",email,01-08-2026 00:35,Gurgaon Sector 29,28.46054,77.02775,broadband,3G,OnePlus 11,resolved,Late fee reversed after payment date verification; autopay mandate corrected.
T563363,Kavya Iyer,+91-9825623801,"Broadband has been down since morning in my area, no connectivity at all",email,25-08-2026 10:45,"Raj Nagar, Ghaziabad",28.68655,77.43915,broadband,3G,TP-Link Router,open,
T597484,Riya Patel,+91-9863352256,"Requested plan upgrade a week ago, still not activated",social,24-08-2026 21:10,"Whitefield, Bangalore",12.97154,77.75105,broadband,5G,JioFiber ONT,resolved,Porting request re-submitted with corrected UPC code; number active on new plan.
T531066,Varun Kumar,+91-9815897385,My router provided by company keeps restarting every hour,social,12-08-2026 18:01,"T Nagar, Chennai",13.04179,80.24391,broadband,fiber,,resolved,Set top box remote replaced free of cost; paired and verified working.
T990247,Rahul Sharma,+91-9854965270,"SIM porting request pending since last week, when will it complete",call,14-08-2026 19:40,"Raj Nagar, Ghaziabad",28.6867,77.44796,voice,5G,Xiaomi 13,resolved,Technician visit rescheduled with slot confirmation; work completed on second visit.
T924911,Tanvi Kumar,+91-9871670595,My recharge of 599 not reflecting but money deducted from bank,app,18-08-2026 12:47,"Connaught Place, Delhi",28.6372,77.21987,mobile data,5G,Samsung Galaxy S23,open,
T619900,Sneha Verma,+91-9872532267,"ONT box blinking red, replacement needed urgently",app,20-08-2026 06:54,"Andheri, Mumbai",19.11474,72.86051,broadband,4G,Xiaomi 13,resolved,Set top box remote replaced free of cost; paired and verified working.
T397604,Aarav Patel,+91-9836709158,"Requested plan upgrade a week ago, still not activated",chat,28-07-2026 23:07,"Salt Lake, Kolkata",22.58252,88.41759,broadband,5G,Samsung Galaxy S23,resolved,Technician visit rescheduled with slot confirmation; work completed on second visit.
T360284,Riya Das,+91-9847910637,"Internet not working since morning, router shows red light",email,25-08-2026 15:38,"Raj Nagar, Ghaziabad",28.69661,77.44535,broadband,4G,OnePlus 11,open,
T613261,Meera Verma,+91-9845212476,"Mobile data extremely slow, pages take forever to load on 4G",social,10-08-2026 14:06,Noida Sector 62,28.62477,77.36275,mobile data,2G,OnePlus 11,open,
T667735,Aarav Singh,+91-9865906603,My router provided by company keeps restarting every hour,email,01-08-2026 17:26,"Dwarka, Delhi",28.58903,77.04488,broadband,2G,OnePlus 11,in_progress,
T644153,Rahul Das,+91-9864056687,"Net nahi chal raha hai subah se, kaam ruk gaya hai please fix",app,05-08-2026 02:50,"Dwarka, Delhi",28.59379,77.04873,broadband,5G,JioFiber ONT,open,
T444519,Sameer Gupta,+91-9888703005,"Net nahi chal raha hai subah se, kaam ruk gaya hai please fix",social,16-08-2026 02:01,"Whitefield, Bangalore",12.95986,77.75717,broadband,3G,iPhone 14,resolved,VoLTE re-provisioned on the SIM and phone rebooted; call drops stopped.
T704875,Aarav Reddy,+91-9826272220,My recharge of 599 not reflecting but money deducted from bank,app,13-08-2026 16:40,"Koramangala, Bangalore",12.9323,77.62796,mobile data,5G,,resolved,Incorrect charge waived and adjusted in next invoice; goodwill credit of Rs 50 applied.
T969885,Arjun Sharma,+91-9839047877,"Broadband has been down since last night in my area, no connectivity at all",app,25-08-2026 11:48,"Raj Nagar, Ghaziabad",28.68673,77.44724,broadband,5G,JioFiber ONT,open,
T934197,Karan Kumar,+91-9829052219,My recharge of 599 not reflecting but money deducted from bank,chat,17-08-2026 17:37,"Indirapuram, Ghaziabad",28.63729,77.369,mobile data,2G,Xiaomi 13,in_progress,
T113913,Meera Reddy,+91-9833491174,"Wifi keeps disconnecting every few minutes, work from home impossible",app,25-08-2026 11:55,"Raj Nagar, Ghaziabad",28.70179,77.44583,broadband,4G,JioFiber ONT,open,
T309044,Aditya Sharma,+91-9814164775,My router provided by company keeps restarting every hour,social,15-08-2026 05:15,Noida Sector 62,28.62005,77.35742,broadband,2G,TP-Link Router,in_progress,
T727127,Kavya Sharma,+91-9841952404,International roaming pack charged but never activated,app,18-08-2026 12:30,"Dwarka, Delhi",28.58479,77.04235,voice,2G,TP-Link Router,in_progress,
T226610,Kavya Sharma,+91-9889602555,Want to know about family plan options and pricing,chat,10-08-2026 18:54,"Connaught Place, Delhi",28.63665,77.21006,other,4G,TP-Link Router,resolved,OTP delivery restored after SMS gateway fix; customer logged in successfully.
T547460,Ishaan Sharma,+91-9848961615,"4G speed ekdum slow ho gaya hai is week, barely 1 mbps",chat,22-08-2026 20:55,Gurgaon Sector 29,28.46887,77.01814,mobile data,5G,Xiaomi 13,resolved,APN reset to default and cell congestion cleared after RF team added capacity; speeds normal.
T624563,Diya Reddy,+91-9881481992,"Call quality bahut kharab hai, awaaz cut hoti rehti hai",call,05-08-2026 19:46,"Bandra, Mumbai",19.05754,72.83434,voice,5G,Samsung Galaxy S23,open,
T461939,Varun Iyer,+91-9865590800,"Requested plan upgrade a week ago, still not activated",call,06-08-2026 03:01,"Bandra, Mumbai",19.05526,72.83307,broadband,5G,TP-Link Router,resolved,"Installation escalated to area field manager; completed next day, customer confirmed."
T325767,Ananya Sharma,+91-9859398803,"Internet not working since morning, router shows red light",email,25-08-2026 11:19,"Raj Nagar, Ghaziabad",28.69744,77.43576,broadband,4G,Xiaomi 13,open,
T178687,Vivaan Singh,+91-9815781587,Company ka diya hua modem baar baar hang ho raha hai,app,25-08-2026 04:46,"Koramangala, Bangalore",12.93896,77.63033,broadband,5G,OnePlus 11,resolved,"Overheating modem swapped; advised customer on ventilation, stable since."
T868206,Sneha Sharma,+91-9874561311,"Naya connection ke liye 2 hafte se wait kar raha hoon, koi response nahi",email,25-08-2026 12:35,"T Nagar, Chennai",13.03682,80.24019,broadband,fiber,iPhone 14,resolved,"Installation escalated to area field manager; completed next day, customer confirmed."
T378711,Ishaan Gupta,+91-9874329883,"Internet not working since morning, router shows red light",email,10-08-2026 08:23,"Salt Lake, Kolkata",22.58648,88.41701,broadband,3G,OnePlus 11,in_progress,
T530849,Ananya Singh,+91-9881891508,"Naya connection ke liye 2 hafte se wait kar raha hoon, koi response nahi",email,20-08-2026 14:47,"Indirapuram, Ghaziabad",28.6451,77.37384,broadband,5G,Samsung Galaxy S23,open,
T349739,Rahul Gupta,+91-9856053543,My recharge of 599 not reflecting but money deducted from bank,call,28-07-2026 09:42,"Indirapuram, Ghaziabad",28.64377,77.36694,mobile data,fiber,TP-Link Router,resolved,Duplicate payment reversed to source account in 5 business days; customer confirmed receipt.
T972064,Aarav Verma,+91-9858718453,"Requested plan upgrade a week ago, still not activated",chat,10-08-2026 16:06,"Whitefield, Bangalore",12.96096,77.75756,broadband,2G,Samsung Galaxy S23,open,
T486831,Nikhil Sharma,+91-9858438711,"App login not working, OTP never arrives",social,14-08-2026 15:35,"Connaught Place, Delhi",28.6241,77.22438,other,2G,OnePlus 11,open,
T151081,Vivaan Singh,+91-9858474537,"Call quality bahut kharab hai, awaaz cut hoti rehti hai",app,09-08-2026 03:48,"Connaught Place, Delhi",28.63209,77.22543,voice,fiber,iPhone 14,resolved,APN reset to default and cell congestion cleared after RF team added capacity; speeds normal.
T312080,Riya Joshi,+91-9876485777,"4G speed ekdum slow ho gaya hai is week, barely 1 mbps",email,25-08-2026 14:58,"Indirapuram, Ghaziabad",28.63277,77.36258,mobile data,4G,JioFiber ONT,in_progress,
T663703,Aarav Joshi,+91-9815204195,"Wifi keeps disconnecting every few minutes, work from home impossible",app,25-08-2026 14:53,"Raj Nagar, Ghaziabad",28.7013,77.43046,broadband,3G,TP-Link Router,open,
T818798,Aarav Verma,+91-9811605433,"Set top box remote not working, need replacement",social,24-08-2026 22:36,"Koramangala, Bangalore",12.92959,77.62017,other,3G,Samsung Galaxy S23,resolved,Faulty router replaced under warranty; new unit delivered and activated in 2 days.
T515597,Rohan Iyer,+91-9876016435,"No technician visit for 12 days despite daily calls. Pathetic service, I will take this to consumer court if not resolved immediately.",email,23-08-2026 19:06,"Connaught Place, Delhi",28.6301,77.2114,broadband,3G,TP-Link Router,open,
T493417,Riya Patel,+91-9826530521,"Naya connection ke liye 2 hafte se wait kar raha hoon, koi response nahi",social,24-08-2026 10:13,"Salt Lake, Kolkata",22.58916,88.41898,broadband,2G,JioFiber ONT,resolved,"Installation escalated to area field manager; completed next day, customer confirmed."
T996959,Rohan Sharma,+91-9853684898,"Mobile data extremely slow, pages take forever to load on 4G",app,25-08-2026 11:36,Gurgaon Sector 29,28.45976,77.01701,mobile data,fiber,Samsung Galaxy S23,open,
T658739,Ananya Iyer,+91-9881391010,Want to know about family plan options and pricing,email,01-08-2026 10:53,"Koramangala, Bangalore",12.93762,77.6305,other,2G,iPhone 14,open,
T901075,Riya Singh,+91-9882804811,"Requested plan upgrade a week ago, still not activated",email,02-08-2026 18:19,"T Nagar, Chennai",13.0494,80.22648,broadband,5G,OnePlus 11,resolved,"Installation escalated to area field manager; completed next day, customer confirmed."
T372804,Rohan Kumar,+91-9863183031,"Net nahi chal raha hai subah se, kaam ruk gaya hai please fix",call,18-08-2026 16:09,Noida Sector 62,28.63604,77.37199,broadband,fiber,JioFiber ONT,resolved,APN reset to default and cell congestion cleared after RF team added capacity; speeds normal.
T862182,Ananya Iyer,+91-9895103759,"Net nahi chal raha hai subah se, kaam ruk gaya hai please fix",email,19-08-2026 19:13,"Salt Lake, Kolkata",22.58771,88.40798,broadband,3G,OnePlus 11,resolved,"Fiber patch re-spliced at the junction box; link stable for 24 hours, ticket closed."
T493172,Arjun Sharma,+91-9879372824,5G not working on my new phone even though plan supports it,email,31-07-2026 20:05,Gurgaon Sector 29,28.45038,77.03457,mobile data,3G,OnePlus 11,open,
T702597,Ananya Reddy,+91-9811640743,"Set top box remote not working, need replacement",email,09-08-2026 15:55,"Indirapuram, Ghaziabad",28.63223,77.37548,other,5G,Xiaomi 13,resolved,Set top box remote replaced free of cost; paired and verified working.
T615101,Aditya Iyer,+91-9813198965,"Wifi keeps disconnecting every few minutes, work from home impossible",app,25-08-2026 12:27,"Raj Nagar, Ghaziabad",28.69383,77.44049,broadband,4G,Xiaomi 13,open,
T198524,Vivaan Gupta,+91-9871852177,5G not working on my new phone even though plan supports it,email,14-08-2026 04:11,"Bandra, Mumbai",19.05738,72.83872,mobile data,4G,iPhone 14,open,
T493044,Aarav Joshi,+91-9885613530,"Net nahi chal raha hai subah se, kaam ruk gaya hai please fix",chat,25-08-2026 12:53,"Raj Nagar, Ghaziabad",28.68637,77.44072,broadband,3G,TP-Link Router,open,
T807287,Varun Sharma,+91-9891520297,"Set top box remote not working, need replacement",chat,01-08-2026 09:19,"T Nagar, Chennai",13.0333,80.24089,other,fiber,OnePlus 11,resolved,Set top box remote replaced free of cost; paired and verified working.
T916779,Tanvi Iyer,+91-9829223220,"Autopay deducted twice this month, very frustrating experience",email,09-08-2026 19:52,"Dwarka, Delhi",28.58875,77.05573,broadband,4G,JioFiber ONT,resolved,Incorrect charge waived and adjusted in next invoice; goodwill credit of Rs 50 applied.
T905934,Aarav Verma,+91-9882070937,Need GST invoice for my corporate connection,call,31-07-2026 05:53,Gurgaon Sector 29,28.45537,77.01976,other,2G,JioFiber ONT,open,
T890973,Kavya Gupta,+91-9825745913,"Broadband has been down since yesterday in my area, no connectivity at all",chat,11-08-2026 15:00,Noida Sector 62,28.63091,77.36898,broadband,5G,iPhone 14,open,
T145767,Rohan Joshi,+91-9861401477,Company ka diya hua modem baar baar hang ho raha hai,email,16-08-2026 20:06,Noida Sector 62,28.6311,77.37113,broadband,5G,JioFiber ONT,resolved,SIM replaced at store; 5G registering correctly on the handset now.
T111755,Pooja Patel,+91-9820413322,5G not working on my new phone even though plan supports it,chat,01-08-2026 02:10,"Indirapuram, Ghaziabad",28.64081,77.36596,mobile data,2G,JioFiber ONT,open,
T953779,Arjun Reddy,+91-9821928391,"Naya connection ke liye 2 hafte se wait kar raha hoon, koi response nahi",app,08-08-2026 00:03,"Koramangala, Bangalore",12.94017,77.6331,broadband,5G,JioFiber ONT,resolved,Plan upgrade applied manually and prorated; confirmation SMS sent.
T321314,Sneha Sharma,+91-9824038805,My recharge of 599 not reflecting but money deducted from bank,app,25-08-2026 10:55,"Bandra, Mumbai",19.06321,72.83666,mobile data,fiber,OnePlus 11,resolved,Incorrect charge waived and adjusted in next invoice; goodwill credit of Rs 50 applied.
T252205,Aarav Gupta,+91-9813599088,Want to know about family plan options and pricing,email,20-08-2026 07:55,"Dwarka, Delhi",28.59894,77.05316,other,fiber,iPhone 14,resolved,GST invoice generated and emailed; billing profile updated with GSTIN.
T210146,Sneha Iyer,+91-9874826670,"4G speed ekdum slow ho gaya hai is week, barely 1 mbps",call,26-07-2026 17:59,Noida Sector 62,28.62451,77.37004,mobile data,3G,TP-Link Router,resolved,Node rebooted at local exchange; connectivity restored and confirmed with customer.
T718975,Pooja Iyer,+91-9880574548,"Naya connection ke liye 2 hafte se wait kar raha hoon, koi response nahi",call,23-08-2026 23:24,"Indirapuram, Ghaziabad",28.63933,77.37452,broadband,2G,Samsung Galaxy S23,open,
T169327,Arjun Iyer,+91-9880504712,"Mobile data extremely slow, pages take forever to load on 4G",call,18-08-2026 21:16,"Indirapuram, Ghaziabad",28.63213,77.37518,mobile data,4G,Xiaomi 13,in_progress,
T564687,Pooja Singh,+91-9840783635,My router provided by company keeps restarting every hour,chat,21-08-2026 14:04,"Connaught Place, Delhi",28.63203,77.21011,broadband,2G,JioFiber ONT,resolved,"Overheating modem swapped; advised customer on ventilation, stable since."
T259265,Nikhil Verma,+91-9896969029,You charged me for a plan I cancelled last month. This is fraud — refund immediately or I am reporting to the ombudsman.,call,23-08-2026 02:39,"Whitefield, Bangalore",12.96922,77.74065,mobile data,4G,,open,
T981946,Meera Joshi,+91-9851876858,"I was charged twice for my monthly plan, need refund immediately",chat,07-08-2026 21:52,"Indirapuram, Ghaziabad",28.64308,77.36821,broadband,5G,iPhone 14,open,
T113913,Meera Reddy,+91-9833491174,"Wifi keeps disconnecting every few minutes, work from home impossible",call,25-08-2026 11:55,"Raj Nagar, Ghaziabad",28.70179,77.44583,broadband,4G,JioFiber ONT,open,
T593554,Ishaan Verma,+91-9861343880,No signal inside my house since yesterday evening,chat,14-08-2026 03:06,"Andheri, Mumbai",19.11993,72.86891,voice,4G,,open,
T222343,Aditya Iyer,+91-9850559278,My router provided by company keeps restarting every hour,call,15-08-2026 08:22,"Whitefield, Bangalore",12.97873,77.74609,broadband,5G,Samsung Galaxy S23,open,
T332785,Sneha Reddy,+91-9824219637,International roaming pack charged but never activated,email,26-07-2026 23:45,"T Nagar, Chennai",13.03928,80.23336,voice,fiber,JioFiber ONT,resolved,Payment reconciliation job re-run with the transaction ID; recharge credited same day.
T933511,Varun Reddy,+91-9818774822,"App login not working, OTP never arrives",chat,01-08-2026 10:37,"Connaught Place, Delhi",28.63215,77.22059,other,4G,TP-Link Router,resolved,OTP delivery restored after SMS gateway fix; customer logged in successfully.
T164612,Arjun Patel,+91-9818677624,"Net nahi chal raha hai subah se, kaam ruk gaya hai please fix",email,25-08-2026 16:06,"Raj Nagar, Ghaziabad",28.68948,77.44296,broadband,fiber,,open,
T465442,Sneha Kumar,+91-9842133709,"Mobile data extremely slow, pages take forever to load on 4G",chat,24-08-2026 21:11,Gurgaon Sector 29,28.46601,77.02695,mobile data,5G,OnePlus 11,resolved,VoLTE re-provisioned on the SIM and phone rebooted; call drops stopped.
T351742,Varun Reddy,+91-9822421986,"SIM porting request pending since last week, when will it complete",call,22-08-2026 04:55,"Raj Nagar, Ghaziabad",28.68301,77.43246,voice,5G,,resolved,Porting request re-submitted with corrected UPC code; number active on new plan.
T867926,Ananya Kumar,+91-9850502233,"Naya connection ke liye 2 hafte se wait kar raha hoon, koi response nahi",email,07-08-2026 10:04,"T Nagar, Chennai",13.04478,80.22758,broadband,fiber,JioFiber ONT,resolved,Porting request re-submitted with corrected UPC code; number active on new plan.
T279018,Aarav Patel,+91-9845410956,Bill me extra charges laga diye hain jo maine use nahi kiya,social,05-08-2026 22:45,"Bandra, Mumbai",19.05664,72.82898,mobile data,2G,Xiaomi 13,open,
T690996,Varun Joshi,+91-9855314533,"Call quality bahut kharab hai, awaaz cut hoti rehti hai",call,18-08-2026 09:44,"Whitefield, Bangalore",12.96142,77.75897,voice,fiber,OnePlus 11,open,
T325595,Aarav Verma,+91-9862780072,"Requested plan upgrade a week ago, still not activated",call,11-08-2026 09:09,"Bandra, Mumbai",19.05061,72.8294,broadband,5G,OnePlus 11,resolved,Porting request re-submitted with corrected UPC code; number active on new plan.
T526974,Rahul Das,+91-9866977334,"Net nahi chal raha hai subah se, kaam ruk gaya hai please fix",chat,25-08-2026 12:57,"Raj Nagar, Ghaziabad",28.70146,77.44268,broadband,fiber,iPhone 14,open,
T774751,Varun Verma,+91-9851551377,Frequent call drops when talking for more than 2 minutes,chat,07-08-2026 14:02,"T Nagar, Chennai",13.0452,80.24068,voice,fiber,Samsung Galaxy S23,open,
T457137,Rahul Sharma,+91-9823111164,New connection installation pending for 10 days despite payment,app,21-08-2026 20:30,"Salt Lake, Kolkata",22.57729,88.41257,broadband,5G,Xiaomi 13,resolved,"Installation escalated to area field manager; completed next day, customer confirmed."
T659713,Tanvi Reddy,+91-9880257585,My router provided by company keeps restarting every hour,app,04-08-2026 15:29,"Whitefield, Bangalore",12.96943,77.74454,broadband,2G,Xiaomi 13,open,
T196781,Priya Das,+91-9875569635,"Mobile data extremely slow, pages take forever to load on 4G",app,09-08-2026 19:38,"Dwarka, Delhi",28.58298,77.04267,mobile data,3G,JioFiber ONT,resolved,Node rebooted at local exchange; connectivity restored and confirmed with customer.
T346174,Sneha Iyer,+91-9882613940,International roaming pack charged but never activated,chat,01-08-2026 03:18,"T Nagar, Chennai",13.04674,80.23278,voice,2G,,resolved,Duplicate payment reversed to source account in 5 business days; customer confirmed receipt.
T311184,Arjun Joshi,+91-9870165940,"I was charged twice for my monthly plan, need refund immediately",email,14-08-2026 02:13,"Whitefield, Bangalore",12.9614,77.75945,broadband,5G,Xiaomi 13,in_progress,
T693127,Sameer Singh,+91-9832576626,"4G speed ekdum slow ho gaya hai is week, barely 1 mbps",social,12-08-2026 21:57,"Raj Nagar, Ghaziabad",28.69282,77.43975,mobile data,4G,,open,
T857311,Varun Joshi,+91-9854249461,"Wifi keeps disconnecting every few minutes, work from home impossible",email,27-07-2026 23:11,"Dwarka, Delhi",28.58391,77.05009,broadband,4G,,resolved,Node rebooted at local exchange; connectivity restored and confirmed with customer.
T695990,Sneha Patel,+91-9861920550,My recharge of 599 not reflecting but money deducted from bank,app,24-08-2026 20:59,"Koramangala, Bangalore",12.93613,77.61796,mobile data,5G,,open,
T721739,Karan Patel,+91-9830272064,"Broadband has been down since last night in my area, no connectivity at all",chat,25-08-2026 13:02,"Raj Nagar, Ghaziabad",28.6845,77.43613,broadband,3G,OnePlus 11,open,
T797640,Ananya Sharma,+91-9818194860,"Set top box remote not working, need replacement",call,03-08-2026 08:12,"Bandra, Mumbai",19.05382,72.83534,other,5G,TP-Link Router,resolved,Faulty router replaced under warranty; new unit delivered and activated in 2 days.
T115722,Rohan Gupta,+91-9824211686,"Wifi keeps disconnecting every few minutes, work from home impossible",app,05-08-2026 22:48,"Andheri, Mumbai",19.10384,72.86396,broadband,3G,Samsung Galaxy S23,resolved,VoLTE re-provisioned on the SIM and phone rebooted; call drops stopped.
T924758,Sameer Kumar,+91-9847071046,International roaming pack charged but never activated,call,31-07-2026 02:28,"Andheri, Mumbai",19.11189,72.86266,voice,fiber,TP-Link Router,resolved,Duplicate payment reversed to source account in 5 business days; customer confirmed receipt.
T309668,Ananya Kumar,+91-9840572391,"4G speed ekdum slow ho gaya hai is week, barely 1 mbps",chat,10-08-2026 14:25,"T Nagar, Chennai",13.03327,80.2358,mobile data,2G,Xiaomi 13,resolved,"Fiber patch re-spliced at the junction box; link stable for 24 hours, ticket closed."
T785234,Sneha Das,+91-9873589030,"Internet not working since morning, router shows red light",app,25-08-2026 14:49,"Raj Nagar, Ghaziabad",28.68717,77.43356,broadband,4G,OnePlus 11,open,
T845937,Ananya Reddy,+91-9845349744,"Call quality bahut kharab hai, awaaz cut hoti rehti hai",call,24-08-2026 17:13,"Bandra, Mumbai",19.05213,72.82018,voice,5G,Samsung Galaxy S23,open,
T207391,Vivaan Iyer,+91-9883330295,"SIM porting request pending since last week, when will it complete",call,08-08-2026 17:27,"Koramangala, Bangalore",12.9427,77.61514,voice,4G,OnePlus 11,resolved,Technician visit rescheduled with slot confirmation; work completed on second visit.
T414267,Ananya Sharma,+91-9841823071,Company ka diya hua modem baar baar hang ho raha hai,chat,15-08-2026 20:57,"Koramangala, Bangalore",12.93724,77.61882,broadband,4G,OnePlus 11,resolved,Set top box remote replaced free of cost; paired and verified working.
T623879,Aditya Iyer,+91-9871095611,My router provided by company keeps restarting every hour,app,30-07-2026 04:18,"Salt Lake, Kolkata",22.57985,88.42257,broadband,fiber,JioFiber ONT,resolved,Faulty router replaced under warranty; new unit delivered and activated in 2 days.
T612982,Rahul Sharma,+91-9826106179,Wrong late fee added even though I paid before the due date,call,26-07-2026 16:42,"T Nagar, Chennai",13.04354,80.24385,broadband,5G,OnePlus 11,resolved,Duplicate payment reversed to source account in 5 business days; customer confirmed receipt.
T624900,Rohan Patel,+91-9828478172,"Internet not working since morning, router shows red light",app,25-08-2026 15:48,"Raj Nagar, Ghaziabad",28.69035,77.44099,broadband,5G,Samsung Galaxy S23,open,
T929420,Nikhil Gupta,+91-9820926356,"Naya connection ke liye 2 hafte se wait kar raha hoon, koi response nahi",chat,02-08-2026 07:00,"Connaught Place, Delhi",28.63167,77.22173,broadband,fiber,OnePlus 11,open,
T123572,Meera Sharma,+91-9823838227,Bill me extra charges laga diye hain jo maine use nahi kiya,chat,21-08-2026 11:03,"Whitefield, Bangalore",12.96622,77.74385,mobile data,4G,TP-Link Router,resolved,Payment reconciliation job re-run with the transaction ID; recharge credited same day.
T275044,Ananya Reddy,+91-9819087680,My router provided by company keeps restarting every hour,chat,05-08-2026 00:18,Noida Sector 62,28.62279,77.37402,broadband,2G,,resolved,Faulty router replaced under warranty; new unit delivered and activated in 2 days.
T897730,Riya Das,+91-9895480242,"Call quality bahut kharab hai, awaaz cut hoti rehti hai",social,26-07-2026 20:05,"Connaught Place, Delhi",28.63111,77.21811,voice,5G,JioFiber ONT,resolved,Node rebooted at local exchange; connectivity restored and confirmed with customer.
T572142,Priya Verma,+91-9891018658,"Autopay deducted twice this month, very frustrating experience",email,11-08-2026 15:15,"Raj Nagar, Ghaziabad",28.69684,77.44518,broadband,4G,Samsung Galaxy S23,open,
T951703,Kavya Patel,+91-9868900892,"I was charged twice for my monthly plan, need refund immediately",call,14-08-2026 16:58,"Indirapuram, Ghaziabad",28.63748,77.364,broadband,5G,Xiaomi 13,open,
T326813,Aarav Das,+91-9878685213,"SIM porting request pending since last week, when will it complete",call,24-08-2026 01:53,"Whitefield, Bangalore",12.97777,77.74059,voice,3G,iPhone 14,open,
T599988,Vivaan Verma,+91-9898952439,My recharge of 599 not reflecting but money deducted from bank,call,06-08-2026 02:16,"Raj Nagar, Ghaziabad",28.68554,77.43113,mobile data,3G,Samsung Galaxy S23,open,
T246802,Varun Verma,+91-9847663633,My router provided by company keeps restarting every hour,app,17-08-2026 10:10,"Indirapuram, Ghaziabad",28.64667,77.37493,broadband,2G,Samsung Galaxy S23,open,
T524214,Ishaan Das,+91-9850474667,"SIM porting request pending since last week, when will it complete",chat,05-08-2026 00:21,Noida Sector 62,28.63596,77.37346,voice,3G,Samsung Galaxy S23,resolved,"Installation escalated to area field manager; completed next day, customer confirmed."
T950155,Diya Gupta,+91-9831810617,"Technician never showed up for the scheduled visit, no call either",email,06-08-2026 22:17,"Koramangala, Bangalore",12.9257,77.62923,broadband,4G,,in_progress,
T247269,Nikhil Singh,+91-9869330327,No signal inside my house since yesterday evening,call,04-08-2026 10:54,"Salt Lake, Kolkata",22.58647,88.41437,voice,4G,Xiaomi 13,open,
T860053,Arjun Reddy,+91-9862049575,"Broadband has been down since last night in my area, no connectivity at all",social,07-08-2026 21:23,Noida Sector 62,28.62742,77.36861,broadband,3G,iPhone 14,open,
T442027,Arjun Das,+91-9851511484,5G not working on my new phone even though plan supports it,app,19-08-2026 18:02,Noida Sector 62,28.62809,77.35874,mobile data,5G,JioFiber ONT,open,
T494873,Priya Iyer,+91-9837201463,"I was charged twice for my monthly plan, need refund immediately",email,24-08-2026 08:34,"Koramangala, Bangalore",12.92706,77.63384,broadband,fiber,OnePlus 11,resolved,Late fee reversed after payment date verification; autopay mandate corrected.
T377312,Sameer Singh,+91-9899038526,"Broadband has been down since morning in my area, no connectivity at all",call,01-08-2026 08:25,"T Nagar, Chennai",13.04665,80.22721,broadband,4G,TP-Link Router,resolved,VoLTE re-provisioned on the SIM and phone rebooted; call drops stopped.
T364843,Tanvi Reddy,+91-9863597632,"Naya connection ke liye 2 hafte se wait kar raha hoon, koi response nahi",social,04-08-2026 15:36,"Whitefield, Bangalore",12.96656,77.75357,broadband,4G,Samsung Galaxy S23,resolved,Porting request re-submitted with corrected UPC code; number active on new plan.
T624344,Meera Das,+91-9813346688,"Net nahi chal raha hai subah se, kaam ruk gaya hai please fix",chat,16-08-2026 05:25,"Raj Nagar, Ghaziabad",28.6894,77.43797,broadband,fiber,OnePlus 11,open,
T557125,Aditya Verma,+91-9842447383,"Internet not working since morning, router shows red light",email,25-08-2026 12:51,"Raj Nagar, Ghaziabad",28.69737,77.43714,broadband,2G,JioFiber ONT,open,
T315621,Meera Reddy,+91-9836660705,"Wifi keeps disconnecting every few minutes, work from home impossible",social,25-08-2026 15:44,"Raj Nagar, Ghaziabad",28.69889,77.43016,broadband,3G,TP-Link Router,open,
T520216,Karan Reddy,+91-9846153018,"Wifi keeps disconnecting every few minutes, work from home impossible",chat,02-08-2026 08:25,"Dwarka, Delhi",28.59234,77.05445,broadband,fiber,JioFiber ONT,in_progress,
T731871,Riya Iyer,+91-9872101101,"Broadband has been down since 2 hours in my area, no connectivity at all",call,25-08-2026 13:25,"Raj Nagar, Ghaziabad",28.69159,77.44385,broadband,4G,JioFiber ONT,open,
T937625,Pooja Gupta,+91-9878574830,"SIM porting request pending since last week, when will it complete",call,26-07-2026 23:20,"Dwarka, Delhi",28.60063,77.04375,voice,4G,TP-Link Router,open,
T138801,Sameer Reddy,+91-9866642448,"Requested plan upgrade a week ago, still not activated",chat,04-08-2026 07:10,Gurgaon Sector 29,28.45495,77.01718,broadband,4G,JioFiber ONT,open,
T111214,Arjun Das,+91-9876149278,"Net nahi chal raha hai subah se, kaam ruk gaya hai please fix",social,22-08-2026 19:27,"Whitefield, Bangalore",12.97845,77.74273,broadband,5G,TP-Link Router,open,
T988990,Sneha Singh,+91-9870937796,Need GST invoice for my corporate connection,chat,02-08-2026 00:49,"Koramangala, Bangalore",12.92958,77.62177,other,5G,,open,
T836296,Tanvi Reddy,+91-9830898267,"Internet not working since morning, router shows red light",app,17-08-2026 15:57,"T Nagar, Chennai",13.04472,80.23774,broadband,4G,iPhone 14,resolved,VoLTE re-provisioned on the SIM and phone rebooted; call drops stopped.
T224956,Sneha Singh,+91-9862698234,"Internet not working since morning, router shows red light",email,25-08-2026 13:18,"Raj Nagar, Ghaziabad",28.68318,77.44037,broadband,fiber,,open,
T804758,Ishaan Singh,+91-9892474715,"Technician never showed up for the scheduled visit, no call either",app,04-08-2026 14:03,Noida Sector 62,28.61936,77.36101,broadband,3G,OnePlus 11,open,
T416503,Vivaan Singh,+91-9889961933,5G not working on my new phone even though plan supports it,app,25-08-2026 09:57,"Andheri, Mumbai",19.12329,72.864,mobile data,4G,Samsung Galaxy S23,resolved,Set top box remote replaced free of cost; paired and verified working.
T771712,Varun Reddy,+91-9878002009,"Net nahi chal raha hai subah se, kaam ruk gaya hai please fix",chat,25-08-2026 12:47,"Raj Nagar, Ghaziabad",28.69113,77.44479,broadband,3G,TP-Link Router,open,
T377395,Ishaan Singh,+91-9844809916,"Mobile data extremely slow, pages take forever to load on 4G",email,13-08-2026 00:11,"Dwarka, Delhi",28.5892,77.04327,mobile data,fiber,Xiaomi 13,open,
T142513,Tanvi Singh,+91-9862990847,"Set top box remote not working, need replacement",email,25-08-2026 14:12,"Indirapuram, Ghaziabad",28.63678,77.36245,other,2G,Samsung Galaxy S23,resolved,Set top box remote replaced free of cost; paired and verified working.
T404928,Priya Patel,+91-9836404306,"Net nahi chal raha hai subah se, kaam ruk gaya hai please fix",call,18-08-2026 08:49,"Koramangala, Bangalore",12.93466,77.62159,broadband,5G,Xiaomi 13,resolved,Node rebooted at local exchange; connectivity restored and confirmed with customer.
T111989,Ananya Gupta,+91-9897614538,Need GST invoice for my corporate connection,call,06-08-2026 11:12,"Andheri, Mumbai",19.1097,72.86052,other,fiber,TP-Link Router,open,
T350940,Ishaan Iyer,+91-9859534974,Need GST invoice for my corporate connection,email,16-08-2026 15:19,"Koramangala, Bangalore",12.94394,77.63293,other,4G,iPhone 14,open,
T520651,Vivaan Gupta,+91-9814308421,Want to know about family plan options and pricing,call,10-08-2026 15:57,"T Nagar, Chennai",13.03602,80.24296,other,4G,iPhone 14,open,
T539898,Sameer Gupta,+91-9897226012,"Broadband has been down since last night in my area, no connectivity at all",email,29-07-2026 00:36,"Koramangala, Bangalore",12.93699,77.63069,broadband,2G,,open,
T987586,Aditya Singh,+91-9868718382,"Naya connection ke liye 2 hafte se wait kar raha hoon, koi response nahi",call,07-08-2026 15:23,Noida Sector 62,28.62189,77.37339,broadband,2G,Xiaomi 13,open,
T580854,Priya Patel,+91-9824912833,"Internet not working since morning, router shows red light",chat,30-07-2026 13:01,"Salt Lake, Kolkata",22.59191,88.4115,broadband,4G,TP-Link Router,open,
T512151,Rahul Verma,+91-9833954324,Frequent call drops when talking for more than 2 minutes,chat,31-07-2026 21:06,"Indirapuram, Ghaziabad",28.6487,77.37752,voice,4G,Xiaomi 13,in_progress,
T434347,Sameer Singh,+91-9897730595,My recharge of 599 not reflecting but money deducted from bank,call,11-08-2026 15:31,"Salt Lake, Kolkata",22.58363,88.41532,mobile data,fiber,Xiaomi 13,resolved,Payment reconciliation job re-run with the transaction ID; recharge credited same day.
T982844,Aditya Joshi,+91-9859325184,"Mobile data extremely slow, pages take forever to load on 4G",call,25-08-2026 15:51,Gurgaon Sector 29,28.46159,77.02485,mobile data,5G,OnePlus 11,open,
T297205,Priya Sharma,+91-9846502180,"Internet not working since morning, router shows red light",email,25-08-2026 12:04,"Raj Nagar, Ghaziabad",28.69881,77.44822,broadband,2G,,open,
T103281,Varun Iyer,+91-9879110587,Wrong late fee added even though I paid before the due date,call,08-08-2026 15:44,"Dwarka, Delhi",28.59478,77.05347,broadband,4G,JioFiber ONT,resolved,Incorrect charge waived and adjusted in next invoice; goodwill credit of Rs 50 applied.
T187651,Aarav Reddy,+91-9846218400,"Mobile data extremely slow, pages take forever to load on 4G",call,22-08-2026 23:05,"Dwarka, Delhi",28.58758,77.03763,mobile data,5G,,resolved,VoLTE re-provisioned on the SIM and phone rebooted; call drops stopped.
T829222,Nikhil Sharma,+91-9861959009,"SIM porting request pending since last week, when will it complete",email,24-08-2026 14:24,"Andheri, Mumbai",19.11763,72.87069,voice,2G,Xiaomi 13,open,
T612756,Arjun Singh,+91-9837820354,"4G speed ekdum slow ho gaya hai is week, barely 1 mbps",email,11-08-2026 20:07,"Koramangala, Bangalore",12.93218,77.63317,mobile data,4G,OnePlus 11,open,
T342397,Rahul Verma,+91-9812560649,"Set top box remote not working, need replacement",social,13-08-2026 01:49,"Andheri, Mumbai",19.12313,72.86169,other,4G,Xiaomi 13,resolved,SIM replaced at store; 5G registering correctly on the handset now.
T477880,Kavya Sharma,+91-9843486016,"Mobile data extremely slow, pages take forever to load on 4G",app,17-08-2026 12:23,"Raj Nagar, Ghaziabad",28.68997,77.43758,mobile data,5G,JioFiber ONT,resolved,Node rebooted at local exchange; connectivity restored and confirmed with customer.
T307212,Pooja Verma,+91-9830184631,"SIM porting request pending since last week, when will it complete",email,06-08-2026 02:58,"Connaught Place, Delhi",28.62247,77.21233,voice,2G,,resolved,Plan upgrade applied manually and prorated; confirmation SMS sent.
T388660,Sameer Gupta,+91-9855787342,"Net nahi chal raha hai subah se, kaam ruk gaya hai please fix",email,25-08-2026 13:36,"Raj Nagar, Ghaziabad",28.68483,77.44343,broadband,3G,Xiaomi 13,open,
T491435,Aarav Reddy,+91-9873100462,"SIM porting request pending since last week, when will it complete",call,02-08-2026 07:42,"Koramangala, Bangalore",12.93234,77.61585,voice,3G,JioFiber ONT,resolved,Technician visit rescheduled with slot confirmation; work completed on second visit.
T831531,Aarav Reddy,+91-9880067590,"SIM porting request pending since last week, when will it complete",chat,28-07-2026 23:00,"Connaught Place, Delhi",28.64027,77.21634,voice,5G,OnePlus 11,resolved,"Installation escalated to area field manager; completed next day, customer confirmed."
T426619,Kavya Joshi,+91-9820581573,"Naya connection ke liye 2 hafte se wait kar raha hoon, koi response nahi",social,25-08-2026 14:36,"Connaught Place, Delhi",28.6402,77.22411,broadband,fiber,OnePlus 11,resolved,Plan upgrade applied manually and prorated; confirmation SMS sent.
T570534,Ananya Sharma,+91-9897370696,My recharge of 599 not reflecting but money deducted from bank,social,02-08-2026 07:50,"T Nagar, Chennai",13.04654,80.23316,mobile data,3G,,in_progress,
T805284,Rohan Iyer,+91-9832226983,"Mobile data extremely slow, pages take forever to load on 4G",call,25-08-2026 12:02,Gurgaon Sector 29,28.4511,77.02579,mobile data,4G,TP-Link Router,open,
T337649,Priya Reddy,+91-9836925055,"Internet not working since morning, router shows red light",call,25-08-2026 15:23,"Raj Nagar, Ghaziabad",28.68939,77.44334,broadband,fiber,OnePlus 11,open,
T371645,Varun Reddy,+91-9874003316,"SIM porting request pending since last week, when will it complete",social,01-08-2026 05:25,Noida Sector 62,28.63126,77.36805,voice,3G,Xiaomi 13,open,
T230524,Tanvi Verma,+91-9864866540,My router provided by company keeps restarting every hour,app,11-08-2026 09:57,"Bandra, Mumbai",19.05285,72.83476,broadband,4G,,open,
T735612,Diya Verma,+91-9872053763,"Still waiting on last week's complaint, nobody called back. Worst customer service, switching to Airtel this weekend.",chat,23-08-2026 22:19,"T Nagar, Chennai",13.04467,80.2381,mobile data,2G,Xiaomi 13,open,
T817555,Nikhil Singh,+91-9829945631,"Net nahi chal raha hai subah se, kaam ruk gaya hai please fix",chat,05-08-2026 12:27,"Bandra, Mumbai",19.06006,72.82541,broadband,2G,TP-Link Router,in_progress,
T851058,Varun Gupta,+91-9880767956,"I was charged twice for my monthly plan, need refund immediately",social,07-08-2026 20:59,"Indirapuram, Ghaziabad",28.64985,77.37084,broadband,5G,OnePlus 11,resolved,Payment reconciliation job re-run with the transaction ID; recharge credited same day.
T934202,Diya Kumar,+91-9843137733,"Broadband has been down since last night in my area, no connectivity at all",call,25-08-2026 13:07,"Raj Nagar, Ghaziabad",28.70222,77.44398,broadband,fiber,JioFiber ONT,open,
T630647,Sneha Reddy,+91-9870523603,New connection installation pending for 10 days despite payment,email,20-08-2026 15:14,"Indirapuram, Ghaziabad",28.63253,77.37518,broadband,5G,Xiaomi 13,resolved,Porting request re-submitted with corrected UPC code; number active on new plan.
T571213,Varun Das,+91-9831520928,Need GST invoice for my corporate connection,app,12-08-2026 21:26,"Bandra, Mumbai",19.06043,72.82858,other,fiber,Xiaomi 13,resolved,OTP delivery restored after SMS gateway fix; customer logged in successfully.
T879592,Aditya Iyer,+91-9895753950,Want to know about family plan options and pricing,app,03-08-2026 01:25,"Dwarka, Delhi",28.59798,77.03717,other,fiber,OnePlus 11,resolved,GST invoice generated and emailed; billing profile updated with GSTIN.
T467121,Diya Iyer,+91-9840097636,"Mobile data extremely slow, pages take forever to load on 4G",call,02-08-2026 07:56,"Whitefield, Bangalore",12.97505,77.75148,mobile data,5G,,open,
T168804,Rahul Sharma,+91-9879158328,Need GST invoice for my corporate connection,social,01-08-2026 22:00,"Bandra, Mumbai",19.05767,72.83511,other,fiber,TP-Link Router,open,
T278386,Varun Singh,+91-9830032157,"Autopay deducted twice this month, very frustrating experience",call,28-07-2026 07:08,"Andheri, Mumbai",19.11797,72.8684,broadband,5G,,resolved,Payment reconciliation job re-run with the transaction ID; recharge credited same day.
T182590,Ananya Reddy,+91-9878804339,"Technician never showed up for the scheduled visit, no call either",app,18-08-2026 17:52,"Raj Nagar, Ghaziabad",28.69105,77.42875,broadband,4G,JioFiber ONT,in_progress,
T407706,Sneha Gupta,+91-9851883739,"App login not working, OTP never arrives",call,25-08-2026 15:53,"Salt Lake, Kolkata",22.5778,88.4131,other,3G,JioFiber ONT,resolved,Shared family plan options and activated chosen 4-line plan on request.
T476712,Varun Gupta,+91-9890042177,"Naya connection ke liye 2 hafte se wait kar raha hoon, koi response nahi",email,28-07-2026 20:41,Gurgaon Sector 29,28.45218,77.03352,broadband,5G,JioFiber ONT,resolved,"Installation escalated to area field manager; completed next day, customer confirmed."
T250753,Pooja Singh,+91-9898484070,5G not working on my new phone even though plan supports it,social,14-08-2026 06:17,"Koramangala, Bangalore",12.94254,77.61672,mobile data,fiber,Samsung Galaxy S23,resolved,Faulty router replaced under warranty; new unit delivered and activated in 2 days.
T487743,Karan Das,+91-9854793758,New connection installation pending for 10 days despite payment,call,07-08-2026 08:36,"Connaught Place, Delhi",28.63447,77.22134,broadband,5G,iPhone 14,resolved,Plan upgrade applied manually and prorated; confirmation SMS sent.
T841122,Sneha Das,+91-9892413089,International roaming pack charged but never activated,chat,02-08-2026 06:55,"Dwarka, Delhi",28.58988,77.04872,voice,2G,,open,
T927094,Varun Singh,+91-9858781345,Frequent call drops when talking for more than 2 minutes,email,15-08-2026 05:43,"Dwarka, Delhi",28.59185,77.03731,voice,2G,OnePlus 11,resolved,APN reset to default and cell congestion cleared after RF team added capacity; speeds normal.
T965401,Arjun Verma,+91-9861854861,"SIM porting request pending since last week, when will it complete",chat,08-08-2026 22:11,"Dwarka, Delhi",28.6016,77.04388,voice,4G,TP-Link Router,resolved,Plan upgrade applied manually and prorated; confirmation SMS sent.
T134963,Meera Joshi,+91-9826753912,My router provided by company keeps restarting every hour,app,21-08-2026 01:40,"Bandra, Mumbai",19.0674,72.83337,broadband,3G,Samsung Galaxy S23,resolved,Faulty router replaced under warranty; new unit delivered and activated in 2 days.
T247269,Nikhil Singh,+91-9869330327,No signal inside my house since yesterday evening,social,04-08-2026 10:54,"Salt Lake, Kolkata",22.58647,88.41437,voice,4G,Xiaomi 13,open,
T329781,Nikhil Patel,+91-9832621278,"4G speed ekdum slow ho gaya hai is week, barely 1 mbps",call,25-08-2026 13:02,Gurgaon Sector 29,28.46908,77.02389,mobile data,3G,Samsung Galaxy S23,open,
T353578,Sneha Patel,+91-9886797698,Bill me extra charges laga diye hain jo maine use nahi kiya,chat,29-07-2026 02:51,"Koramangala, Bangalore",12.93753,77.62237,mobile data,2G,,in_progress,
T243826,Riya Singh,+91-9893590502,"Set top box remote not working, need replacement",call,20-08-2026 19:52,"Andheri, Mumbai",19.11383,72.87205,other,4G,Samsung Galaxy S23,open,
T997546,Rohan Verma,+91-9869476001,Wrong late fee added even though I paid before the due date,call,12-08-2026 17:55,"Connaught Place, Delhi",28.63454,77.21751,broadband,2G,Samsung Galaxy S23,open,
T589131,Rahul Das,+91-9885383550,Frequent call drops when talking for more than 2 minutes,app,07-08-2026 06:39,Noida Sector 62,28.62599,77.35772,voice,2G,OnePlus 11,resolved,VoLTE re-provisioned on the SIM and phone rebooted; call drops stopped.
T982478,Ananya Sharma,+91-9868764105,"Technician never showed up for the scheduled visit, no call either",call,01-08-2026 23:13,"Connaught Place, Delhi",28.63713,77.21889,broadband,2G,,open,
T379473,Tanvi Gupta,+91-9831424479,My recharge of 599 not reflecting but money deducted from bank,chat,01-08-2026 07:53,"Bandra, Mumbai",19.06111,72.83915,mobile data,5G,OnePlus 11,resolved,Incorrect charge waived and adjusted in next invoice; goodwill credit of Rs 50 applied.
T908382,Ananya Verma,+91-9873509922,"Wifi keeps disconnecting every few minutes, work from home impossible",social,07-08-2026 08:29,"Connaught Place, Delhi",28.6368,77.20837,broadband,4G,TP-Link Router,resolved,Node rebooted at local exchange; connectivity restored and confirmed with customer.
T405134,Pooja Gupta,+91-9889134873,My recharge of 599 not reflecting but money deducted from bank,email,18-08-2026 15:49,"T Nagar, Chennai",13.04182,80.22591,mobile data,4G,TP-Link Router,open,
T921875,Kavya Reddy,+91-9849666982,New connection installation pending for 10 days despite payment,email,28-07-2026 19:14,"Koramangala, Bangalore",12.93292,77.61932,broadband,fiber,Samsung Galaxy S23,open,
T519492,Aditya Das,+91-9844221141,"Autopay deducted twice this month, very frustrating experience",call,28-07-2026 02:26,"Connaught Place, Delhi",28.64039,77.22023,broadband,3G,TP-Link Router,resolved,Incorrect charge waived and adjusted in next invoice; goodwill credit of Rs 50 applied.
T112884,Riya Sharma,+91-9815910667,"4G speed ekdum slow ho gaya hai is week, barely 1 mbps",call,20-08-2026 04:11,"Salt Lake, Kolkata",22.58614,88.41476,mobile data,3G,iPhone 14,open,
T141880,Priya Sharma,+91-9854367386,Need GST invoice for my corporate connection,app,29-07-2026 20:17,"Connaught Place, Delhi",28.63344,77.22217,other,fiber,,resolved,OTP delivery restored after SMS gateway fix; customer logged in successfully.
T863660,Aditya Kumar,+91-9834871129,"SIM porting request pending since last week, when will it complete",chat,30-07-2026 13:26,"Andheri, Mumbai",19.12025,72.87111,voice,5G,TP-Link Router,open,
T689849,Sneha Gupta,+91-9859755172,"ONT box blinking red, replacement needed urgently",chat,04-08-2026 01:21,"Salt Lake, Kolkata",22.57702,88.41817,broadband,fiber,TP-Link Router,resolved,Faulty router replaced under warranty; new unit delivered and activated in 2 days.
T597938,Pooja Reddy,+91-9883164605,International roaming pack charged but never activated,chat,08-08-2026 00:03,Noida Sector 62,28.62811,77.37177,voice,4G,,resolved,Incorrect charge waived and adjusted in next invoice; goodwill credit of Rs 50 applied.
T462479,Ishaan Joshi,+91-9845630292,No signal inside my house since yesterday evening,email,20-08-2026 04:10,"Raj Nagar, Ghaziabad",28.69472,77.43853,voice,5G,TP-Link Router,resolved,"Fiber patch re-spliced at the junction box; link stable for 24 hours, ticket closed."
T885734,Varun Joshi,+91-9885454146,"Technician never showed up for the scheduled visit, no call either",call,12-08-2026 11:32,"Connaught Place, Delhi",28.62336,77.21269,broadband,4G,Xiaomi 13,resolved,Technician visit rescheduled with slot confirmation; work completed on second visit.
T792561,Ishaan Verma,+91-9834731360,"App login not working, OTP never arrives",email,30-07-2026 15:52,"T Nagar, Chennai",13.05025,80.22963,other,5G,JioFiber ONT,resolved,Shared family plan options and activated chosen 4-line plan on request.
T975522,Varun Sharma,+91-9820633503,Wrong late fee added even though I paid before the due date,social,04-08-2026 01:46,"Connaught Place, Delhi",28.6403,77.21888,broadband,5G,Samsung Galaxy S23,resolved,Incorrect charge waived and adjusted in next invoice; goodwill credit of Rs 50 applied.
T941356,Vivaan Sharma,+91-9890021211,"Wifi keeps disconnecting every few minutes, work from home impossible",app,25-08-2026 10:14,"Raj Nagar, Ghaziabad",28.69003,77.4366,broadband,3G,Xiaomi 13,open,
T438199,Rohan Patel,+91-9863252708,"Broadband has been down since morning in my area, no connectivity at all",social,25-08-2026 14:56,"Raj Nagar, Ghaziabad",28.69222,77.44545,broadband,3G,JioFiber ONT,open,
T459836,Vivaan Joshi,+91-9886778235,5G not working on my new phone even though plan supports it,app,07-08-2026 18:04,"Andheri, Mumbai",19.11637,72.86921,mobile data,4G,TP-Link Router,open,
T831466,Tanvi Gupta,+91-9896634490,"Mobile data extremely slow, pages take forever to load on 4G",email,25-08-2026 12:09,Gurgaon Sector 29,28.46376,77.01704,mobile data,fiber,OnePlus 11,open,
T738088,Priya Verma,+91-9833163997,Frequent call drops when talking for more than 2 minutes,social,02-08-2026 14:22,"Dwarka, Delhi",28.59029,77.04871,voice,2G,OnePlus 11,resolved,APN reset to default and cell congestion cleared after RF team added capacity; speeds normal.
T229090,Aarav Patel,+91-9869007608,"Net nahi chal raha hai subah se, kaam ruk gaya hai please fix",call,25-08-2026 14:18,"Raj Nagar, Ghaziabad",28.69148,77.44318,broadband,3G,Xiaomi 13,open,
T779237,Priya Gupta,+91-9859948088,My router provided by company keeps restarting every hour,email,22-08-2026 05:05,"Dwarka, Delhi",28.59853,77.04233,broadband,5G,Xiaomi 13,open,
T871635,Diya Verma,+91-9850070254,My router provided by company keeps restarting every hour,social,12-08-2026 10:56,"Andheri, Mumbai",19.10623,72.87301,broadband,4G,TP-Link Router,resolved,SIM replaced at store; 5G registering correctly on the handset now.
T792956,Ananya Das,+91-9867030927,New connection installation pending for 10 days despite payment,app,23-08-2026 08:54,"Indirapuram, Ghaziabad",28.6371,77.36404,broadband,fiber,Samsung Galaxy S23,resolved,Technician visit rescheduled with slot confirmation; work completed on second visit.
T224138,Aditya Das,+91-9881532887,Bill me extra charges laga diye hain jo maine use nahi kiya,app,18-08-2026 05:32,"Whitefield, Bangalore",12.97659,77.74291,mobile data,2G,,in_progress,
T129861,Priya Joshi,+91-9853093653,"Net nahi chal raha hai subah se, kaam ruk gaya hai please fix",app,25-08-2026 12:43,"Raj Nagar, Ghaziabad",28.68317,77.43771,broadband,3G,Xiaomi 13,open,
T635608,Ananya Joshi,+91-9838384317,"Broadband has been down since 2 hours in my area, no connectivity at all",chat,29-07-2026 12:23,"Connaught Place, Delhi",28.62908,77.21835,broadband,3G,Xiaomi 13,open,
T146852,Nikhil Sharma,+91-9826418573,Want to know about family plan options and pricing,email,17-08-2026 02:11,"Dwarka, Delhi",28.59356,77.04732,other,4G,,resolved,OTP delivery restored after SMS gateway fix; customer logged in successfully.
T424960,Sameer Das,+91-9892684436,"Net nahi chal raha hai subah se, kaam ruk gaya hai please fix",social,07-08-2026 02:46,"Salt Lake, Kolkata",22.59512,88.42659,broadband,3G,TP-Link Router,resolved,Node rebooted at local exchange; connectivity restored and confirmed with customer.
T492917,Rahul Kumar,+91-9864779294,"Technician never showed up for the scheduled visit, no call either",app,10-08-2026 13:29,"Raj Nagar, Ghaziabad",28.69504,77.43151,broadband,2G,OnePlus 11,open,
T299193,Kavya Joshi,+91-9828693532,"4G speed ekdum slow ho gaya hai is week, barely 1 mbps",social,24-08-2026 20:07,Gurgaon Sector 29,28.46056,77.02069,mobile data,5G,TP-Link Router,resolved,APN reset to default and cell congestion cleared after RF team added capacity; speeds normal.
T107096,Varun Gupta,+91-9871453148,"Technician never showed up for the scheduled visit, no call either",app,02-08-2026 20:37,"T Nagar, Chennai",13.04863,80.2317,broadband,4G,Xiaomi 13,resolved,Plan upgrade applied manually and prorated; confirmation SMS sent.
T544280,Vivaan Joshi,+91-9881887423,"I was charged twice for my monthly plan, need refund immediately",app,25-08-2026 08:19,"Salt Lake, Kolkata",22.59265,88.42578,broadband,3G,TP-Link Router,resolved,Late fee reversed after payment date verification; autopay mandate corrected.
T240082,Aarav Gupta,+91-9812302458,My recharge of 599 not reflecting but money deducted from bank,call,14-08-2026 17:16,"Indirapuram, Ghaziabad",28.65023,77.36962,mobile data,3G,OnePlus 11,resolved,Late fee reversed after payment date verification; autopay mandate corrected.
T761032,Tanvi Reddy,+91-9816834659,"I was charged twice for my monthly plan, need refund immediately",email,16-08-2026 06:15,"Dwarka, Delhi",28.59907,77.05074,broadband,fiber,JioFiber ONT,resolved,Duplicate payment reversed to source account in 5 business days; customer confirmed receipt.
T271055,Riya Iyer,+91-9876543529,"Net nahi chal raha hai subah se, kaam ruk gaya hai please fix",call,25-08-2026 16:06,"Raj Nagar, Ghaziabad",28.69781,77.44176,broadband,2G,,open,
T623162,Meera Joshi,+91-9856573258,"Autopay deducted twice this month, very frustrating experience",email,19-08-2026 19:51,"Whitefield, Bangalore",12.97342,77.75046,broadband,4G,TP-Link Router,resolved,Duplicate payment reversed to source account in 5 business days; customer confirmed receipt.
T192280,Tanvi Gupta,+91-9885408403,"Net nahi chal raha hai subah se, kaam ruk gaya hai please fix",chat,25-08-2026 14:52,"Raj Nagar, Ghaziabad",28.68916,77.43923,broadband,4G,TP-Link Router,open,
T232359,Karan Sharma,+91-9882923013,"Net nahi chal raha hai subah se, kaam ruk gaya hai please fix",chat,25-08-2026 15:37,"Raj Nagar, Ghaziabad",28.7021,77.4449,broadband,2G,TP-Link Router,open,
T285751,Kavya Patel,+91-9890852623,No signal inside my house since yesterday evening,email,18-08-2026 18:12,"Indirapuram, Ghaziabad",28.64709,77.3776,voice,5G,JioFiber ONT,resolved,Node rebooted at local exchange; connectivity restored and confirmed with customer.
T153357,Arjun Joshi,+91-9865313521,"Wifi keeps disconnecting every few minutes, work from home impossible",chat,25-08-2026 15:14,"Raj Nagar, Ghaziabad",28.68935,77.4461,broadband,5G,TP-Link Router,open,
T479818,Riya Singh,+91-9838389345,"Net nahi chal raha hai subah se, kaam ruk gaya hai please fix",chat,14-08-2026 22:57,"Connaught Place, Delhi",28.62979,77.2133,broadband,2G,Xiaomi 13,resolved,VoLTE re-provisioned on the SIM and phone rebooted; call drops stopped.
T530311,Meera Kumar,+91-9866207740,"Broadband has been down since yesterday in my area, no connectivity at all",call,16-08-2026 17:46,"Indirapuram, Ghaziabad",28.64612,77.37277,broadband,fiber,OnePlus 11,resolved,VoLTE re-provisioned on the SIM and phone rebooted; call drops stopped.
T771366,Priya Singh,+91-9843778683,"Broadband has been down since 2 hours in my area, no connectivity at all",email,25-08-2026 15:40,"Raj Nagar, Ghaziabad",28.69594,77.43332,broadband,4G,Samsung Galaxy S23,open,
T274174,Meera Patel,+91-9873617738,"ONT box blinking red, replacement needed urgently",email,11-08-2026 17:29,"Indirapuram, Ghaziabad",28.65128,77.37183,broadband,5G,TP-Link Router,resolved,Faulty router replaced under warranty; new unit delivered and activated in 2 days.
T903506,Ishaan Das,+91-9884912498,"Naya connection ke liye 2 hafte se wait kar raha hoon, koi response nahi",email,14-08-2026 02:27,"Koramangala, Bangalore",12.93925,77.62304,broadband,2G,iPhone 14,resolved,"Installation escalated to area field manager; completed next day, customer confirmed."
T173801,Aarav Kumar,+91-9892874168,"Broadband has been down since last night in my area, no connectivity at all",social,25-08-2026 15:31,"Raj Nagar, Ghaziabad",28.69512,77.44573,broadband,5G,JioFiber ONT,open,
T460589,Priya Patel,+91-9850744867,"Autopay deducted twice this month, very frustrating experience",email,08-08-2026 18:38,Gurgaon Sector 29,28.4602,77.03036,broadband,5G,,resolved,Incorrect charge waived and adjusted in next invoice; goodwill credit of Rs 50 applied.
T354948,Priya Verma,+91-9819989411,"Wifi keeps disconnecting every few minutes, work from home impossible",app,25-08-2026 14:19,"Raj Nagar, Ghaziabad",28.69706,77.44713,broadband,fiber,Xiaomi 13,open,
T935457,Sneha Verma,+91-9865907088,My recharge of 599 not reflecting but money deducted from bank,social,24-08-2026 15:59,"Bandra, Mumbai",19.05909,72.83884,mobile data,fiber,TP-Link Router,open,
T290436,Riya Patel,+91-9899747074,"Internet not working since morning, router shows red light",call,25-08-2026 14:41,"Raj Nagar, Ghaziabad",28.69833,77.4289,broadband,3G,OnePlus 11,open,
T555238,Rahul Singh,+91-9818765169,"Net nahi chal raha hai subah se, kaam ruk gaya hai please fix",chat,25-08-2026 15:18,"Raj Nagar, Ghaziabad",28.70259,77.42999,broadband,5G,Xiaomi 13,open,
T388375,Aditya Kumar,+91-9891644298,"Net nahi chal raha hai subah se, kaam ruk gaya hai please fix",email,05-08-2026 05:40,"Salt Lake, Kolkata",22.59659,88.41771,broadband,5G,TP-Link Router,resolved,VoLTE re-provisioned on the SIM and phone rebooted; call drops stopped.
T327357,Vivaan Joshi,+91-9898128100,"Net nahi chal raha hai subah se, kaam ruk gaya hai please fix",call,28-07-2026 05:37,"Raj Nagar, Ghaziabad",28.68433,77.44039,broadband,5G,JioFiber ONT,open,
T936865,Karan Reddy,+91-9875277802,"Wifi keeps disconnecting every few minutes, work from home impossible",social,25-08-2026 15:08,"Raj Nagar, Ghaziabad",28.68381,77.44809,broadband,4G,Samsung Galaxy S23,open,
T777844,Kavya Iyer,+91-9890465362,Bill me extra charges laga diye hain jo maine use nahi kiya,social,10-08-2026 18:51,"Dwarka, Delhi",28.59163,77.05403,mobile data,3G,Xiaomi 13,resolved,Incorrect charge waived and adjusted in next invoice; goodwill credit of Rs 50 applied.
T121734,Ananya Singh,+91-9879700460,"Requested plan upgrade a week ago, still not activated",email,29-07-2026 07:27,"T Nagar, Chennai",13.04893,80.23729,broadband,3G,OnePlus 11,open,
T457411,Arjun Das,+91-9885475000,"Technician never showed up for the scheduled visit, no call either",call,28-07-2026 22:12,"Indirapuram, Ghaziabad",28.64833,77.37929,broadband,4G,TP-Link Router,resolved,Technician visit rescheduled with slot confirmation; work completed on second visit.
T651105,Aarav Gupta,+91-9857504552,"Internet not working since morning, router shows red light",social,25-08-2026 14:57,"Raj Nagar, Ghaziabad",28.6998,77.4388,broadband,fiber,OnePlus 11,open,
T980779,Kavya Kumar,+91-9876946493,My router provided by company keeps restarting every hour,chat,19-08-2026 23:32,"Whitefield, Bangalore",12.96707,77.74066,broadband,2G,OnePlus 11,resolved,Faulty router replaced under warranty; new unit delivered and activated in 2 days.
T616428,Varun Joshi,+91-9876625267,Frequent call drops when talking for more than 2 minutes,social,09-08-2026 07:39,"Whitefield, Bangalore",12.96445,77.74581,voice,3G,Samsung Galaxy S23,resolved,"Fiber patch re-spliced at the junction box; link stable for 24 hours, ticket closed."
T731347,Meera Gupta,+91-9878133743,My recharge of 599 not reflecting but money deducted from bank,chat,04-08-2026 01:37,"Dwarka, Delhi",28.59976,77.05046,mobile data,5G,Xiaomi 13,resolved,Payment reconciliation job re-run with the transaction ID; recharge credited same day.
T441092,Karan Patel,+91-9817907267,"I was charged twice for my monthly plan, need refund immediately",call,18-08-2026 09:42,"Indirapuram, Ghaziabad",28.64627,77.36836,broadband,2G,OnePlus 11,open,
T493514,Arjun Das,+91-9875868272,"ONT box blinking red, replacement needed urgently",email,24-08-2026 08:35,"Andheri, Mumbai",19.11574,72.87669,broadband,2G,Xiaomi 13,in_progress,
T227766,Varun Reddy,+91-9892091154,"Net nahi chal raha hai subah se, kaam ruk gaya hai please fix",social,25-08-2026 10:47,"Raj Nagar, Ghaziabad",28.68824,77.4428,broadband,3G,OnePlus 11,open,
T670871,Varun Patel,+91-9864215650,New connection installation pending for 10 days despite payment,app,12-08-2026 16:34,"Raj Nagar, Ghaziabad",28.70035,77.44393,broadband,5G,,resolved,Porting request re-submitted with corrected UPC code; number active on new plan.
T529838,Ananya Gupta,+91-9869727893,5G not working on my new phone even though plan supports it,call,11-08-2026 02:18,"Bandra, Mumbai",19.05664,72.82961,mobile data,4G,JioFiber ONT,open,
T597643,Nikhil Das,+91-9841361490,"I was charged twice for my monthly plan, need refund immediately",chat,03-08-2026 17:59,"Andheri, Mumbai",19.11421,72.86839,broadband,4G,,resolved,Late fee reversed after payment date verification; autopay mandate corrected.
T939482,Ananya Sharma,+91-9864038913,"Set top box remote not working, need replacement",chat,22-08-2026 22:59,"Salt Lake, Kolkata",22.58053,88.41783,other,3G,Xiaomi 13,open,
T951434,Aarav Verma,+91-9835357498,"4G speed ekdum slow ho gaya hai is week, barely 1 mbps",email,25-08-2026 11:28,Gurgaon Sector 29,28.4586,77.03642,mobile data,fiber,,open,
T396177,Rahul Iyer,+91-9831746728,5G not working on my new phone even though plan supports it,email,26-07-2026 17:27,"T Nagar, Chennai",13.03438,80.22809,mobile data,fiber,Xiaomi 13,open,
T311469,Varun Gupta,+91-9845298445,"Mobile data extremely slow, pages take forever to load on 4G",email,02-08-2026 18:30,"Indirapuram, Ghaziabad",28.63791,77.36319,mobile data,5G,iPhone 14,open,
T264618,Vivaan Das,+91-9838247918,My router provided by company keeps restarting every hour,chat,22-08-2026 12:50,"Koramangala, Bangalore",12.931,77.61773,broadband,4G,OnePlus 11,resolved,Set top box remote replaced free of cost; paired and verified working.
T844261,Arjun Iyer,+91-9875056916,Frequent call drops when talking for more than 2 minutes,app,31-07-2026 10:16,Gurgaon Sector 29,28.46052,77.02765,voice,2G,iPhone 14,resolved,VoLTE re-provisioned on the SIM and phone rebooted; call drops stopped.
T642479,Meera Patel,+91-9811335293,"Broadband has been down since morning in my area, no connectivity at all",call,08-08-2026 23:00,"Koramangala, Bangalore",12.93197,77.62253,broadband,3G,Xiaomi 13,open,
T429196,Ishaan Reddy,+91-9816074522,"Call quality bahut kharab hai, awaaz cut hoti rehti hai",email,04-08-2026 08:34,"Indirapuram, Ghaziabad",28.64448,77.3677,voice,3G,iPhone 14,resolved,APN reset to default and cell congestion cleared after RF team added capacity; speeds normal.
T105887,Aarav Gupta,+91-9869335049,"Call quality bahut kharab hai, awaaz cut hoti rehti hai",app,08-08-2026 09:26,"Andheri, Mumbai",19.10548,72.86708,voice,4G,TP-Link Router,resolved,VoLTE re-provisioned on the SIM and phone rebooted; call drops stopped.
T651186,Kavya Das,+91-9892332960,"4G speed ekdum slow ho gaya hai is week, barely 1 mbps",email,02-08-2026 12:20,"Connaught Place, Delhi",28.63071,77.20823,mobile data,3G,Samsung Galaxy S23,open,
T172306,Vivaan Kumar,+91-9881503856,"App login not working, OTP never arrives",call,30-07-2026 16:01,"Indirapuram, Ghaziabad",28.64899,77.37885,other,2G,Xiaomi 13,resolved,Shared family plan options and activated chosen 4-line plan on request.
T780627,Pooja Das,+91-9820891605,"ONT box blinking red, replacement needed urgently",social,03-08-2026 04:04,"Koramangala, Bangalore",12.92582,77.63114,broadband,5G,JioFiber ONT,open,
T736975,Rahul Joshi,+91-9847848959,New connection installation pending for 10 days despite payment,call,21-08-2026 01:48,"Bandra, Mumbai",19.05301,72.83843,broadband,5G,iPhone 14,open,
T957210,Ishaan Singh,+91-9812824921,5G not working on my new phone even though plan supports it,social,03-08-2026 02:23,"Whitefield, Bangalore",12.96356,77.74287,mobile data,5G,iPhone 14,resolved,Set top box remote replaced free of cost; paired and verified working.
T133278,Nikhil Kumar,+91-9872234675,"I was charged twice for my monthly plan, need refund immediately",call,06-08-2026 07:08,Noida Sector 62,28.63387,77.37393,broadband,2G,OnePlus 11,open,
T698071,Ananya Das,+91-9820395193,Wrong late fee added even though I paid before the due date,email,02-08-2026 08:27,"Indirapuram, Ghaziabad",28.63343,77.37093,broadband,4G,iPhone 14,resolved,Payment reconciliation job re-run with the transaction ID; recharge credited same day.
T389930,Ishaan Gupta,+91-9839042654,"ONT box blinking red, replacement needed urgently",call,01-08-2026 00:51,"Salt Lake, Kolkata",22.59335,88.41302,broadband,4G,iPhone 14,open,
T940064,Ishaan Iyer,+91-9876776459,Bill me extra charges laga diye hain jo maine use nahi kiya,email,07-08-2026 19:50,"Bandra, Mumbai",19.05118,72.83155,mobile data,3G,TP-Link Router,resolved,Payment reconciliation job re-run with the transaction ID; recharge credited same day.
T961545,Nikhil Gupta,+91-9855741665,"Wifi keeps disconnecting every few minutes, work from home impossible",social,14-08-2026 04:12,Gurgaon Sector 29,28.46538,77.03547,broadband,fiber,TP-Link Router,open,
T515035,Aarav Patel,+91-9847057520,Bill me extra charges laga diye hain jo maine use nahi kiya,call,05-08-2026 15:56,"T Nagar, Chennai",13.05118,80.23572,mobile data,5G,JioFiber ONT,open,
T556112,Pooja Verma,+91-9889442904,My router provided by company keeps restarting every hour,chat,19-08-2026 08:20,"Koramangala, Bangalore",12.93103,77.63152,broadband,5G,JioFiber ONT,open,
T386735,Vivaan Joshi,+91-9852968377,Frequent call drops when talking for more than 2 minutes,chat,12-08-2026 12:37,"Whitefield, Bangalore",12.9697,77.75408,voice,5G,Samsung Galaxy S23,resolved,Node rebooted at local exchange; connectivity restored and confirmed with customer.
T516029,Sneha Das,+91-9857486185,"Internet not working since morning, router shows red light",email,25-08-2026 13:55,"Raj Nagar, Ghaziabad",28.68467,77.44742,broadband,4G,TP-Link Router,open,
T658358,Vivaan Gupta,+91-9837612629,Wrong late fee added even though I paid before the due date,app,07-08-2026 22:00,"Andheri, Mumbai",19.10423,72.87496,broadband,2G,TP-Link Router,resolved,Late fee reversed after payment date verification; autopay mandate corrected.
T622230,Tanvi Reddy,+91-9892961108,"ONT box blinking red, replacement needed urgently",app,15-08-2026 19:54,"T Nagar, Chennai",13.04146,80.24019,broadband,5G,OnePlus 11,open,
T571552,Sneha Kumar,+91-9852325110,"Net nahi chal raha hai subah se, kaam ruk gaya hai please fix",email,25-08-2026 14:55,"Raj Nagar, Ghaziabad",28.69387,77.44355,broadband,2G,,open,
T860448,Sneha Verma,+91-9810414016,My recharge of 599 not reflecting but money deducted from bank,call,22-08-2026 19:38,"Whitefield, Bangalore",12.97184,77.75738,mobile data,4G,JioFiber ONT,resolved,Late fee reversed after payment date verification; autopay mandate corrected.
T850328,Sameer Iyer,+91-9841074206,"Wifi keeps disconnecting every few minutes, work from home impossible",call,25-08-2026 11:21,"Raj Nagar, Ghaziabad",28.68988,77.44026,broadband,5G,,open,
T843670,Karan Sharma,+91-9858215939,5G not working on my new phone even though plan supports it,call,09-08-2026 07:47,"Connaught Place, Delhi",28.62529,77.20751,mobile data,5G,Xiaomi 13,open,
T454779,Ananya Das,+91-9818786373,"Wifi keeps disconnecting every few minutes, work from home impossible",app,25-08-2026 12:50,"Raj Nagar, Ghaziabad",28.68543,77.44751,broadband,5G,iPhone 14,open,
T964226,Kavya Patel,+91-9862460899,"My elderly parents have had no working phone line for 4 days. This is an emergency, escalate right now.",call,25-08-2026 13:08,"T Nagar, Chennai",13.03715,80.22993,voice,fiber,Samsung Galaxy S23,open,
T334496,Ishaan Verma,+91-9848633655,"I was charged twice for my monthly plan, need refund immediately",app,09-08-2026 14:46,"Indirapuram, Ghaziabad",28.65078,77.36759,broadband,fiber,,resolved,Late fee reversed after payment date verification; autopay mandate corrected.
T862285,Arjun Singh,+91-9832482565,My recharge of 599 not reflecting but money deducted from bank,call,06-08-2026 06:18,Noida Sector 62,28.62959,77.36646,mobile data,fiber,Samsung Galaxy S23,resolved,Payment reconciliation job re-run with the transaction ID; recharge credited same day.
T311559,Varun Singh,+91-9858765904,"Call quality bahut kharab hai, awaaz cut hoti rehti hai",call,09-08-2026 23:17,"T Nagar, Chennai",13.04861,80.23482,voice,4G,OnePlus 11,in_progress,
T260534,Vivaan Reddy,+91-9861007346,"Internet not working since morning, router shows red light",social,25-08-2026 12:13,"Raj Nagar, Ghaziabad",28.68387,77.43198,broadband,3G,OnePlus 11,open,
T748938,Karan Reddy,+91-9835350367,"Autopay deducted twice this month, very frustrating experience",email,26-07-2026 16:48,"Whitefield, Bangalore",12.97199,77.75007,broadband,2G,TP-Link Router,open,
T252386,Karan Sharma,+91-9880159631,"I was charged twice for my monthly plan, need refund immediately",call,01-08-2026 03:00,"Salt Lake, Kolkata",22.5807,88.4221,broadband,3G,OnePlus 11,resolved,Late fee reversed after payment date verification; autopay mandate corrected.
T996922,Karan Kumar,+91-9833892421,"SIM porting request pending since last week, when will it complete",app,19-08-2026 22:49,Gurgaon Sector 29,28.46407,77.02088,voice,fiber,iPhone 14,resolved,Plan upgrade applied manually and prorated; confirmation SMS sent.
T466566,Karan Verma,+91-9839801436,Frequent call drops when talking for more than 2 minutes,email,02-08-2026 01:26,"Bandra, Mumbai",19.05067,72.82954,voice,3G,Xiaomi 13,open,
T936677,Sameer Das,+91-9882172776,No signal inside my house since yesterday evening,email,22-08-2026 08:46,"Koramangala, Bangalore",12.93653,77.61946,voice,4G,,open,
T370756,Priya Verma,+91-9878890262,"SIM porting request pending since last week, when will it complete",email,02-08-2026 11:55,Noida Sector 62,28.62222,77.37334,voice,fiber,JioFiber ONT,open,
T501171,Varun Das,+91-9899597988,"Wifi keeps disconnecting every few minutes, work from home impossible",social,25-08-2026 10:59,"Raj Nagar, Ghaziabad",28.68476,77.44506,broadband,2G,TP-Link Router,open,
T404777,Vivaan Sharma,+91-9886137251,"Wifi keeps disconnecting every few minutes, work from home impossible",social,03-08-2026 21:59,"Dwarka, Delhi",28.59216,77.0511,broadband,2G,Samsung Galaxy S23,open,
T493396,Diya Joshi,+91-9894879557,"Requested plan upgrade a week ago, still not activated",call,07-08-2026 13:13,"T Nagar, Chennai",13.04447,80.2417,broadband,2G,Xiaomi 13,resolved,Technician visit rescheduled with slot confirmation; work completed on second visit.
T771670,Sameer Sharma,+91-9866648087,Want to know about family plan options and pricing,call,02-08-2026 08:16,"Dwarka, Delhi",28.58893,77.04936,other,5G,TP-Link Router,resolved,OTP delivery restored after SMS gateway fix; customer logged in successfully.
T683283,Varun Singh,+91-9845654499,"Broadband has been down since 2 hours in my area, no connectivity at all",social,25-08-2026 11:35,"Raj Nagar, Ghaziabad",28.69037,77.445,broadband,fiber,OnePlus 11,open,
T220034,Karan Verma,+91-9818311653,"ONT box blinking red, replacement needed urgently",call,07-08-2026 22:38,"Connaught Place, Delhi",28.63033,77.21419,broadband,2G,iPhone 14,open,
T543621,Pooja Iyer,+91-9846034695,Wrong late fee added even though I paid before the due date,email,03-08-2026 03:22,"Dwarka, Delhi",28.59832,77.04828,broadband,5G,JioFiber ONT,open,
T811141,Vivaan Das,+91-9850177237,5G not working on my new phone even though plan supports it,social,06-08-2026 14:01,"Bandra, Mumbai",19.06032,72.82367,mobile data,4G,,open,
T751493,Meera Gupta,+91-9870826614,"Wifi keeps disconnecting every few minutes, work from home impossible",social,25-08-2026 11:14,"Raj Nagar, Ghaziabad",28.6914,77.4432,broadband,fiber,OnePlus 11,open,
T216359,Aarav Patel,+91-9860858151,"Wifi keeps disconnecting every few minutes, work from home impossible",chat,13-08-2026 12:13,"Connaught Place, Delhi",28.6276,77.2115,broadband,4G,JioFiber ONT,open,
T628027,Kavya Gupta,+91-9853011925,Need GST invoice for my corporate connection,app,30-07-2026 00:31,"Bandra, Mumbai",19.05069,72.82696,other,5G,Xiaomi 13,resolved,Shared family plan options and activated chosen 4-line plan on request.
T672344,Arjun Singh,+91-9821488759,"Mobile data extremely slow, pages take forever to load on 4G",email,31-07-2026 04:44,"Andheri, Mumbai",19.11925,72.87638,mobile data,2G,iPhone 14,resolved,"Fiber patch re-spliced at the junction box; link stable for 24 hours, ticket closed."
T217432,Nikhil Singh,+91-9878281290,"Net nahi chal raha hai subah se, kaam ruk gaya hai please fix",call,25-08-2026 11:50,"Raj Nagar, Ghaziabad",28.68275,77.44437,broadband,5G,,open,
T350164,Arjun Das,+91-9871870997,"App login not working, OTP never arrives",social,22-08-2026 04:41,"T Nagar, Chennai",13.03498,80.23375,other,2G,OnePlus 11,resolved,Shared family plan options and activated chosen 4-line plan on request.
T694223,Pooja Verma,+91-9850168264,Frequent call drops when talking for more than 2 minutes,social,29-07-2026 16:58,"Dwarka, Delhi",28.58873,77.05111,voice,3G,,resolved,VoLTE re-provisioned on the SIM and phone rebooted; call drops stopped.
T821211,Rohan Joshi,+91-9857128455,"4G speed ekdum slow ho gaya hai is week, barely 1 mbps",chat,20-08-2026 20:41,Gurgaon Sector 29,28.46231,77.02567,mobile data,3G,JioFiber ONT,resolved,"Fiber patch re-spliced at the junction box; link stable for 24 hours, ticket closed."
T545440,Rohan Singh,+91-9826823411,Company ka diya hua modem baar baar hang ho raha hai,call,18-08-2026 22:40,"Connaught Place, Delhi",28.62188,77.21639,broadband,5G,Samsung Galaxy S23,resolved,Faulty router replaced under warranty; new unit delivered and activated in 2 days.
T115997,Ananya Singh,+91-9830041488,"Set top box remote not working, need replacement",chat,05-08-2026 08:21,Noida Sector 62,28.62785,77.36589,other,4G,iPhone 14,resolved,Faulty router replaced under warranty; new unit delivered and activated in 2 days.
T886758,Sneha Iyer,+91-9836669444,"Mobile data extremely slow, pages take forever to load on 4G",chat,25-08-2026 12:58,Gurgaon Sector 29,28.45821,77.02937,mobile data,3G,Xiaomi 13,open,
T241003,Diya Iyer,+91-9811307588,Frequent call drops when talking for more than 2 minutes,email,16-08-2026 12:00,"Andheri, Mumbai",19.1096,72.87094,voice,fiber,Samsung Galaxy S23,resolved,"Fiber patch re-spliced at the junction box; link stable for 24 hours, ticket closed."
T952487,Rohan Sharma,+91-9846568726,"4G speed ekdum slow ho gaya hai is week, barely 1 mbps",email,24-08-2026 07:41,Gurgaon Sector 29,28.45212,77.03141,mobile data,4G,,open,
T857111,Kavya Gupta,+91-9864932613,Bill me extra charges laga diye hain jo maine use nahi kiya,app,20-08-2026 19:33,"Raj Nagar, Ghaziabad",28.68855,77.43022,mobile data,5G,TP-Link Router,open,
T327797,Diya Reddy,+91-9892688322,My router provided by company keeps restarting every hour,call,15-08-2026 17:27,Noida Sector 62,28.6198,77.35736,broadband,5G,OnePlus 11,open,
T623555,Diya Gupta,+91-9854273769,"I was charged twice for my monthly plan, need refund immediately",app,06-08-2026 10:03,"Salt Lake, Kolkata",22.59197,88.41687,broadband,5G,Xiaomi 13,resolved,Incorrect charge waived and adjusted in next invoice; goodwill credit of Rs 50 applied.
T843963,Sneha Joshi,+91-9867617561,Need GST invoice for my corporate connection,app,21-08-2026 21:07,"Bandra, Mumbai",19.0519,72.81992,other,4G,iPhone 14,open,
T454161,Karan Gupta,+91-9876399516,"Mobile data extremely slow, pages take forever to load on 4G",social,07-08-2026 07:45,"Koramangala, Bangalore",12.94225,77.63027,mobile data,2G,Samsung Galaxy S23,resolved,APN reset to default and cell congestion cleared after RF team added capacity; speeds normal.
T345925,Sneha Kumar,+91-9827208745,"Requested plan upgrade a week ago, still not activated",app,30-07-2026 00:00,"Dwarka, Delhi",28.59449,77.054,broadband,4G,Xiaomi 13,open,
T407618,Ishaan Singh,+91-9813885234,Wrong late fee added even though I paid before the due date,app,20-08-2026 20:23,"T Nagar, Chennai",13.04041,80.22898,broadband,5G,TP-Link Router,resolved,Duplicate payment reversed to source account in 5 business days; customer confirmed receipt.
T357284,Diya Reddy,+91-9816891577,"4G speed ekdum slow ho gaya hai is week, barely 1 mbps",call,25-08-2026 14:25,Gurgaon Sector 29,28.45541,77.01766,mobile data,5G,Xiaomi 13,open,
T431272,Rohan Verma,+91-9863057930,"Naya connection ke liye 2 hafte se wait kar raha hoon, koi response nahi",app,29-07-2026 01:02,"T Nagar, Chennai",13.04854,80.2341,broadband,5G,iPhone 14,resolved,Technician visit rescheduled with slot confirmation; work completed on second visit.
T403528,Pooja Iyer,+91-9835006323,"Internet not working since morning, router shows red light",call,17-08-2026 10:09,"Andheri, Mumbai",19.10957,72.87176,broadband,4G,OnePlus 11,in_progress,
T324319,Sneha Joshi,+91-9842309234,Want to know about family plan options and pricing,social,05-08-2026 19:50,"T Nagar, Chennai",13.05032,80.22918,other,5G,Xiaomi 13,open,
T273247,Tanvi Verma,+91-9815426400,"Second router replacement in a month and it still keeps restarting. Useless hardware, cancel my connection if this is not fixed.",app,23-08-2026 12:23,"Andheri, Mumbai",19.1056,72.87963,broadband,2G,Samsung Galaxy S23,open,
T643211,Ananya Verma,+91-9865019090,"Broadband has been down since morning in my area, no connectivity at all",social,25-08-2026 13:27,"Raj Nagar, Ghaziabad",28.69701,77.44278,broadband,4G,OnePlus 11,open,
T947684,Priya Kumar,+91-9835704262,"ONT box blinking red, replacement needed urgently",chat,24-08-2026 12:33,"Salt Lake, Kolkata",22.5963,88.42645,broadband,2G,OnePlus 11,resolved,"Overheating modem swapped; advised customer on ventilation, stable since."
T397809,Tanvi Das,+91-9815836056,International roaming pack charged but never activated,social,24-08-2026 14:04,"Salt Lake, Kolkata",22.58213,88.4164,voice,2G,Samsung Galaxy S23,resolved,Duplicate payment reversed to source account in 5 business days; customer confirmed receipt.
T446723,Rohan Singh,+91-9855961908,"ONT box blinking red, replacement needed urgently",app,03-08-2026 01:14,"Salt Lake, Kolkata",22.58806,88.41899,broadband,3G,iPhone 14,resolved,SIM replaced at store; 5G registering correctly on the handset now.
T231113,Karan Patel,+91-9834680787,Wrong late fee added even though I paid before the due date,app,01-08-2026 17:09,"Whitefield, Bangalore",12.97861,77.75401,broadband,2G,iPhone 14,open,
T749498,Diya Patel,+91-9852222214,"I was charged twice for my monthly plan, need refund immediately",app,03-08-2026 03:20,"Connaught Place, Delhi",28.64054,77.21639,broadband,3G,,open,
T534052,Nikhil Reddy,+91-9874597455,Bill me extra charges laga diye hain jo maine use nahi kiya,chat,09-08-2026 09:01,"Andheri, Mumbai",19.11964,72.87278,mobile data,3G,Xiaomi 13,open,
T364742,Nikhil Iyer,+91-9869118721,"I was charged twice for my monthly plan, need refund immediately",call,30-07-2026 07:08,"Raj Nagar, Ghaziabad",28.69904,77.43631,broadband,2G,TP-Link Router,resolved,Duplicate payment reversed to source account in 5 business days; customer confirmed receipt.
T971662,Meera Gupta,+91-9868848427,5G not working on my new phone even though plan supports it,email,24-08-2026 04:46,"Koramangala, Bangalore",12.93866,77.61728,mobile data,4G,iPhone 14,open,
T417661,Sameer Sharma,+91-9816336089,"Broadband has been down since yesterday in my area, no connectivity at all",chat,25-08-2026 13:29,"Raj Nagar, Ghaziabad",28.68964,77.43906,broadband,5G,JioFiber ONT,open,
T161483,Nikhil Iyer,+91-9838688676,"Autopay deducted twice this month, very frustrating experience",email,17-08-2026 20:30,"Dwarka, Delhi",28.58214,77.04381,broadband,5G,OnePlus 11,open,
T489633,Vivaan Singh,+91-9865548633,Company ka diya hua modem baar baar hang ho raha hai,app,11-08-2026 02:38,Gurgaon Sector 29,28.45382,77.02265,broadband,2G,OnePlus 11,resolved,Set top box remote replaced free of cost; paired and verified working.
T143027,Ananya Kumar,+91-9817315154,"Mobile data extremely slow, pages take forever to load on 4G",app,25-08-2026 14:58,Gurgaon Sector 29,28.45165,77.0273,mobile data,3G,,open,
T781533,Aarav Kumar,+91-9823298711,"4G speed ekdum slow ho gaya hai is week, barely 1 mbps",chat,08-08-2026 08:39,"Indirapuram, Ghaziabad",28.63475,77.36814,mobile data,5G,JioFiber ONT,open,
T155164,Arjun Kumar,+91-9886181117,My recharge of 599 not reflecting but money deducted from bank,chat,18-08-2026 06:14,Noida Sector 62,28.63209,77.3559,mobile data,2G,OnePlus 11,open,
T836873,Tanvi Patel,+91-9861534222,"App login not working, OTP never arrives",app,21-08-2026 02:53,"Salt Lake, Kolkata",22.58813,88.40909,other,2G,JioFiber ONT,resolved,GST invoice generated and emailed; billing profile updated with GSTIN.
T277233,Nikhil Sharma,+91-9823349287,"4G speed ekdum slow ho gaya hai is week, barely 1 mbps",app,25-08-2026 10:38,"Bandra, Mumbai",19.05791,72.83762,mobile data,3G,JioFiber ONT,resolved,APN reset to default and cell congestion cleared after RF team added capacity; speeds normal.
T757711,Kavya Verma,+91-9889470029,International roaming pack charged but never activated,call,08-08-2026 08:13,"Whitefield, Bangalore",12.97374,77.74603,voice,fiber,,open,
T233582,Ishaan Singh,+91-9856790372,Need GST invoice for my corporate connection,email,04-08-2026 10:22,"Bandra, Mumbai",19.06595,72.83544,other,4G,TP-Link Router,open,
T887159,Diya Reddy,+91-9892551005,"4G speed ekdum slow ho gaya hai is week, barely 1 mbps",call,25-08-2026 12:22,Gurgaon Sector 29,28.46033,77.02203,mobile data,5G,Xiaomi 13,open,
T790282,Diya Iyer,+91-9888761749,"Requested plan upgrade a week ago, still not activated",app,16-08-2026 22:32,"T Nagar, Chennai",13.04583,80.23669,broadband,2G,iPhone 14,resolved,Technician visit rescheduled with slot confirmation; work completed on second visit.
T174310,Sameer Patel,+91-9819013348,"Technician never showed up for the scheduled visit, no call either",chat,09-08-2026 04:47,Noida Sector 62,28.63265,77.36086,broadband,2G,Xiaomi 13,resolved,Technician visit rescheduled with slot confirmation; work completed on second visit.
T906066,Kavya Singh,+91-9853106399,"Requested plan upgrade a week ago, still not activated",chat,03-08-2026 18:34,"T Nagar, Chennai",13.03644,80.23887,broadband,2G,iPhone 14,resolved,"Installation escalated to area field manager; completed next day, customer confirmed."
T291878,Nikhil Patel,+91-9856076320,"Wifi keeps disconnecting every few minutes, work from home impossible",app,25-08-2026 12:41,"Raj Nagar, Ghaziabad",28.6897,77.44245,broadband,4G,Xiaomi 13,open,
T987409,Sameer Patel,+91-9878920851,"Broadband has been down since morning in my area, no connectivity at all",social,25-08-2026 15:22,"Raj Nagar, Ghaziabad",28.70105,77.4405,broadband,3G,,open,
T850413,Ishaan Kumar,+91-9860181152,Wrong late fee added even though I paid before the due date,email,01-08-2026 19:23,"Bandra, Mumbai",19.05497,72.82752,broadband,fiber,JioFiber ONT,resolved,Late fee reversed after payment date verification; autopay mandate corrected.
T674842,Karan Singh,+91-9890128487,"Broadband has been down since 2 hours in my area, no connectivity at all",chat,11-08-2026 18:54,"Bandra, Mumbai",19.05783,72.83071,broadband,5G,iPhone 14,resolved,Node rebooted at local exchange; connectivity restored and confirmed with customer.
T763877,Rahul Verma,+91-9899152055,"ONT box blinking red, replacement needed urgently",social,10-08-2026 21:17,Gurgaon Sector 29,28.46021,77.02444,broadband,5G,Xiaomi 13,open,
T158579,Sameer Reddy,+91-9842547451,Want to know about family plan options and pricing,call,18-08-2026 20:43,"Bandra, Mumbai",19.06884,72.83358,other,5G,JioFiber ONT,resolved,OTP delivery restored after SMS gateway fix; customer logged in successfully.
T909508,Priya Kumar,+91-9875411700,"Internet not working since morning, router shows red light",call,25-08-2026 13:17,"Raj Nagar, Ghaziabad",28.69596,77.43515,broadband,fiber,OnePlus 11,open,
T888142,Varun Joshi,+91-9864384837,"4G speed ekdum slow ho gaya hai is week, barely 1 mbps",social,25-08-2026 11:43,Gurgaon Sector 29,28.46824,77.01994,mobile data,5G,iPhone 14,open,
T240807,Arjun Verma,+91-9873329409,"Wifi keeps disconnecting every few minutes, work from home impossible",app,25-08-2026 13:00,"Raj Nagar, Ghaziabad",28.70214,77.44295,broadband,3G,,open,
T497030,Vivaan Das,+91-9839891163,No signal inside my house since yesterday evening,chat,10-08-2026 08:44,"Dwarka, Delhi",28.58368,77.04488,voice,fiber,Xiaomi 13,open,
T939398,Varun Patel,+91-9810714575,"Call quality bahut kharab hai, awaaz cut hoti rehti hai",call,20-08-2026 02:00,"Dwarka, Delhi",28.58288,77.0475,voice,3G,Samsung Galaxy S23,open,
T887443,Pooja Iyer,+91-9863640499,Company ka diya hua modem baar baar hang ho raha hai,email,16-08-2026 13:47,"Whitefield, Bangalore",12.96418,77.75608,broadband,fiber,Xiaomi 13,resolved,Faulty router replaced under warranty; new unit delivered and activated in 2 days.
T963918,Vivaan Kumar,+91-9810512117,Frequent call drops when talking for more than 2 minutes,chat,03-08-2026 01:55,"Koramangala, Bangalore",12.92714,77.61864,voice,4G,Samsung Galaxy S23,resolved,APN reset to default and cell congestion cleared after RF team added capacity; speeds normal.
T797660,Sameer Kumar,+91-9899927658,"SIM porting request pending since last week, when will it complete",call,29-07-2026 17:35,"Raj Nagar, Ghaziabad",28.70197,77.44031,voice,4G,Samsung Galaxy S23,resolved,Plan upgrade applied manually and prorated; confirmation SMS sent.
T458633,Priya Patel,+91-9817213167,"Mobile data extremely slow, pages take forever to load on 4G",chat,01-08-2026 12:58,"Andheri, Mumbai",19.10757,72.87854,mobile data,5G,Xiaomi 13,resolved,"Fiber patch re-spliced at the junction box; link stable for 24 hours, ticket closed."
T117953,Vivaan Iyer,+91-9835243741,"Internet not working since morning, router shows red light",app,25-08-2026 14:28,"Bandra, Mumbai",19.05791,72.83625,broadband,4G,,resolved,APN reset to default and cell congestion cleared after RF team added capacity; speeds normal.
T187889,Karan Patel,+91-9844160831,"Wifi keeps disconnecting every few minutes, work from home impossible",social,30-07-2026 04:53,"Whitefield, Bangalore",12.97734,77.74817,broadband,3G,Samsung Galaxy S23,resolved,VoLTE re-provisioned on the SIM and phone rebooted; call drops stopped.
T728950,Ananya Patel,+91-9873870080,"Technician never showed up for the scheduled visit, no call either",social,18-08-2026 14:48,"Andheri, Mumbai",19.11367,72.86205,broadband,5G,JioFiber ONT,in_progress,
T876909,Sameer Patel,+91-9849431028,Want to know about family plan options and pricing,social,17-08-2026 16:29,Gurgaon Sector 29,28.46476,77.02026,other,4G,JioFiber ONT,resolved,OTP delivery restored after SMS gateway fix; customer logged in successfully.
T507923,Arjun Verma,+91-9841518806,"SIM porting request pending since last week, when will it complete",chat,25-08-2026 10:31,"T Nagar, Chennai",13.0427,80.22811,voice,5G,Samsung Galaxy S23,in_progress,
T514186,Ishaan Joshi,+91-9868137264,"Internet not working since morning, router shows red light",call,04-08-2026 10:38,"Raj Nagar, Ghaziabad",28.69025,77.43683,broadband,4G,iPhone 14,open,
T749813,Ishaan Verma,+91-9891804602,"Call quality bahut kharab hai, awaaz cut hoti rehti hai",email,17-08-2026 05:29,"T Nagar, Chennai",13.05006,80.22696,voice,5G,JioFiber ONT,open,
T576773,Aditya Gupta,+91-9894731492,"Mobile data extremely slow, pages take forever to load on 4G",app,21-08-2026 20:04,Gurgaon Sector 29,28.45433,77.03628,mobile data,2G,OnePlus 11,resolved,Node rebooted at local exchange; connectivity restored and confirmed with customer.
T561746,Rohan Gupta,+91-9840310745,"Internet not working since morning, router shows red light",chat,25-08-2026 11:56,"Raj Nagar, Ghaziabad",28.68285,77.43317,broadband,2G,,open,
T750882,Vivaan Sharma,+91-9872364542,Wrong late fee added even though I paid before the due date,chat,31-07-2026 03:47,"Andheri, Mumbai",19.10361,72.87837,broadband,5G,OnePlus 11,in_progress,
T709834,Aarav Kumar,+91-9820821631,"Wifi keeps disconnecting every few minutes, work from home impossible",social,25-08-2026 14:12,"Raj Nagar, Ghaziabad",28.70057,77.43158,broadband,3G,iPhone 14,open,
T101139,Rohan Reddy,+91-9897977738,5G not working on my new phone even though plan supports it,email,11-08-2026 12:28,"T Nagar, Chennai",13.03336,80.23597,mobile data,fiber,JioFiber ONT,resolved,Faulty router replaced under warranty; new unit delivered and activated in 2 days.
T588002,Priya Kumar,+91-9841715995,"Broadband has been down since 2 hours in my area, no connectivity at all",chat,30-07-2026 08:25,"Whitefield, Bangalore",12.96791,77.75005,broadband,4G,JioFiber ONT,resolved,Node rebooted at local exchange; connectivity restored and confirmed with customer.
T403509,Riya Das,+91-9836890661,"Call quality bahut kharab hai, awaaz cut hoti rehti hai",social,14-08-2026 11:16,"Salt Lake, Kolkata",22.58656,88.42045,voice,5G,Xiaomi 13,resolved,APN reset to default and cell congestion cleared after RF team added capacity; speeds normal.
T988578,Sneha Sharma,+91-9828889241,"Net nahi chal raha hai subah se, kaam ruk gaya hai please fix",chat,25-08-2026 16:01,"Raj Nagar, Ghaziabad",28.69389,77.43086,broadband,3G,iPhone 14,open,
T525244,Varun Iyer,+91-9810194969,My router provided by company keeps restarting every hour,app,25-08-2026 13:59,"Koramangala, Bangalore",12.93903,77.62603,broadband,fiber,Samsung Galaxy S23,in_progress,
T416722,Arjun Sharma,+91-9826116397,"Broadband has been down since last night in my area, no connectivity at all",app,25-08-2026 10:35,"Raj Nagar, Ghaziabad",28.69174,77.44694,broadband,3G,Samsung Galaxy S23,open,
T856157,Rohan Patel,+91-9853947691,"Autopay deducted twice this month, very frustrating experience",chat,28-07-2026 10:00,"Andheri, Mumbai",19.11886,72.86967,broadband,fiber,Xiaomi 13,in_progress,
T469053,Meera Patel,+91-9845803474,"Broadband has been down since 2 hours in my area, no connectivity at all",call,14-08-2026 11:24,"Indirapuram, Ghaziabad",28.65054,77.36408,broadband,5G,iPhone 14,resolved,"Fiber patch re-spliced at the junction box; link stable for 24 hours, ticket closed."
T643810,Ishaan Joshi,+91-9847034120,International roaming pack charged but never activated,call,16-08-2026 19:14,Gurgaon Sector 29,28.46312,77.02953,voice,2G,iPhone 14,resolved,Late fee reversed after payment date verification; autopay mandate corrected.
T304206,Ishaan Iyer,+91-9868917831,"Internet not working since morning, router shows red light",social,29-07-2026 05:34,"Salt Lake, Kolkata",22.58691,88.42107,broadband,fiber,iPhone 14,resolved,APN reset to default and cell congestion cleared after RF team added capacity; speeds normal.
T854787,Meera Patel,+91-9861986593,"Technician never showed up for the scheduled visit, no call either",app,15-08-2026 14:03,"Connaught Place, Delhi",28.64101,77.21074,broadband,3G,Samsung Galaxy S23,resolved,Technician visit rescheduled with slot confirmation; work completed on second visit.
T553939,Aditya Singh,+91-9877731571,My recharge of 599 not reflecting but money deducted from bank,chat,15-08-2026 21:04,"Andheri, Mumbai",19.11189,72.86473,mobile data,fiber,Xiaomi 13,open,
T313701,Meera Iyer,+91-9813053200,"I was charged twice for my monthly plan, need refund immediately",social,20-08-2026 08:37,Noida Sector 62,28.62666,77.3695,broadband,3G,JioFiber ONT,resolved,Incorrect charge waived and adjusted in next invoice; goodwill credit of Rs 50 applied.
T253448,Priya Joshi,+91-9871616570,"4G speed ekdum slow ho gaya hai is week, barely 1 mbps",social,24-08-2026 20:40,Gurgaon Sector 29,28.45094,77.01909,mobile data,5G,,resolved,APN reset to default and cell congestion cleared after RF team added capacity; speeds normal.
T461714,Meera Joshi,+91-9830998769,"Technician never showed up for the scheduled visit, no call either",chat,22-08-2026 15:25,"Indirapuram, Ghaziabad",28.63749,77.37882,broadband,5G,TP-Link Router,resolved,Porting request re-submitted with corrected UPC code; number active on new plan.
T748270,Sneha Das,+91-9880209719,"Set top box remote not working, need replacement",email,15-08-2026 05:30,"Whitefield, Bangalore",12.97303,77.74497,other,4G,JioFiber ONT,open,
T999308,Rahul Verma,+91-9881794497,"I was charged twice for my monthly plan, need refund immediately",email,07-08-2026 21:58,"Koramangala, Bangalore",12.92536,77.63371,broadband,4G,OnePlus 11,open,
T164387,Vivaan Singh,+91-9810410356,"Autopay deducted twice this month, very frustrating experience",email,25-08-2026 13:49,"Whitefield, Bangalore",12.97029,77.74408,broadband,2G,OnePlus 11,resolved,Incorrect charge waived and adjusted in next invoice; goodwill credit of Rs 50 applied.
T215795,Rohan Sharma,+91-9811711195,Bill me extra charges laga diye hain jo maine use nahi kiya,chat,03-08-2026 13:09,"Salt Lake, Kolkata",22.59569,88.42269,mobile data,2G,JioFiber ONT,open,
T539979,Diya Patel,+91-9861749546,"Wifi keeps disconnecting every few minutes, work from home impossible",chat,25-08-2026 12:12,"Raj Nagar, Ghaziabad",28.69837,77.43593,broadband,3G,Xiaomi 13,open,
T456349,Pooja Singh,+91-9817332766,"Autopay deducted twice this month, very frustrating experience",app,05-08-2026 07:26,"Andheri, Mumbai",19.11255,72.86413,broadband,3G,TP-Link Router,resolved,Incorrect charge waived and adjusted in next invoice; goodwill credit of Rs 50 applied.
T590033,Tanvi Joshi,+91-9879647305,"Autopay deducted twice this month, very frustrating experience",chat,04-08-2026 07:53,"Koramangala, Bangalore",12.94335,77.62011,broadband,4G,Samsung Galaxy S23,resolved,Late fee reversed after payment date verification; autopay mandate corrected.
T228710,Diya Das,+91-9840942008,"Mobile data extremely slow, pages take forever to load on 4G",chat,21-08-2026 20:28,Gurgaon Sector 29,28.45022,77.0213,mobile data,5G,JioFiber ONT,resolved,VoLTE re-provisioned on the SIM and phone rebooted; call drops stopped.
T377896,Diya Verma,+91-9873013961,Need GST invoice for my corporate connection,social,06-08-2026 18:21,"Connaught Place, Delhi",28.63535,77.2197,other,4G,,open,
T321092,Diya Das,+91-9847508257,Want to know about family plan options and pricing,app,19-08-2026 19:50,"Andheri, Mumbai",19.1163,72.87929,other,5G,OnePlus 11,open,
T795556,Aditya Kumar,+91-9839688703,International roaming pack charged but never activated,app,31-07-2026 23:34,"Koramangala, Bangalore",12.93242,77.61887,voice,fiber,TP-Link Router,open,
T821547,Ishaan Sharma,+91-9888675126,"Wifi keeps disconnecting every few minutes, work from home impossible",email,25-08-2026 12:55,"Raj Nagar, Ghaziabad",28.6943,77.43194,broadband,2G,Xiaomi 13,open,
T405407,Aditya Patel,+91-9810359129,"SIM porting request pending since last week, when will it complete",chat,17-08-2026 12:18,"Dwarka, Delhi",28.58786,77.04165,voice,5G,Samsung Galaxy S23,resolved,Technician visit rescheduled with slot confirmation; work completed on second visit.
T759675,Riya Gupta,+91-9821545180,"Autopay deducted twice this month, very frustrating experience",chat,18-08-2026 01:07,"Dwarka, Delhi",28.58276,77.03881,broadband,2G,OnePlus 11,open,
T627611,Ishaan Reddy,+91-9877946127,No signal inside my house since yesterday evening,app,25-08-2026 05:05,"Whitefield, Bangalore",12.97874,77.75606,voice,4G,TP-Link Router,resolved,Node rebooted at local exchange; connectivity restored and confirmed with customer.
T105842,Arjun Kumar,+91-9830214797,"Autopay deducted twice this month, very frustrating experience",chat,13-08-2026 22:53,"Bandra, Mumbai",19.0647,72.83539,broadband,fiber,Xiaomi 13,resolved,Late fee reversed after payment date verification; autopay mandate corrected.
T641704,Pooja Gupta,+91-9845296615,International roaming pack charged but never activated,app,27-07-2026 00:34,"Connaught Place, Delhi",28.63447,77.21734,voice,4G,Xiaomi 13,resolved,Incorrect charge waived and adjusted in next invoice; goodwill credit of Rs 50 applied.
T331707,Ananya Gupta,+91-9864546380,"Mobile data extremely slow, pages take forever to load on 4G",email,25-08-2026 12:01,Gurgaon Sector 29,28.46169,77.03444,mobile data,3G,OnePlus 11,open,
T265657,Meera Sharma,+91-9826674831,"App login not working, OTP never arrives",email,27-07-2026 22:12,"Indirapuram, Ghaziabad",28.63201,77.38156,other,3G,JioFiber ONT,in_progress,
T321921,Ananya Iyer,+91-9898938318,Wrong late fee added even though I paid before the due date,call,17-08-2026 18:36,"Bandra, Mumbai",19.05171,72.83937,broadband,2G,iPhone 14,resolved,Incorrect charge waived and adjusted in next invoice; goodwill credit of Rs 50 applied.
T688971,Varun Sharma,+91-9866011264,"4G speed ekdum slow ho gaya hai is week, barely 1 mbps",chat,23-08-2026 19:19,Gurgaon Sector 29,28.46496,77.0174,mobile data,4G,Xiaomi 13,resolved,Node rebooted at local exchange; connectivity restored and confirmed with customer.
T496922,Meera Das,+91-9826753883,5G not working on my new phone even though plan supports it,social,23-08-2026 10:42,Gurgaon Sector 29,28.45536,77.02917,mobile data,4G,TP-Link Router,in_progress,
T552266,Priya Kumar,+91-9845374067,"Wifi keeps disconnecting every few minutes, work from home impossible",app,25-08-2026 11:15,"Raj Nagar, Ghaziabad",28.7006,77.44704,broadband,4G,TP-Link Router,open,
T809553,Ananya Reddy,+91-9849490030,"I was charged twice for my monthly plan, need refund immediately",social,25-08-2026 00:03,"Andheri, Mumbai",19.11005,72.87749,broadband,fiber,JioFiber ONT,open,
T296412,Karan Sharma,+91-9892518345,"I was charged twice for my monthly plan, need refund immediately",social,18-08-2026 21:20,"Dwarka, Delhi",28.60159,77.03735,broadband,fiber,TP-Link Router,resolved,Late fee reversed after payment date verification; autopay mandate corrected.
T736333,Kavya Gupta,+91-9887786253,"App login not working, OTP never arrives",email,12-08-2026 21:50,"Raj Nagar, Ghaziabad",28.69438,77.43813,other,2G,OnePlus 11,resolved,GST invoice generated and emailed; billing profile updated with GSTIN.
T229598,Aarav Sharma,+91-9825541047,Want to know about family plan options and pricing,email,26-07-2026 16:17,"Indirapuram, Ghaziabad",28.64604,77.36651,other,2G,OnePlus 11,resolved,Shared family plan options and activated chosen 4-line plan on request.
T542223,Nikhil Sharma,+91-9845033443,International roaming pack charged but never activated,chat,11-08-2026 06:22,Gurgaon Sector 29,28.45746,77.02695,voice,2G,Xiaomi 13,in_progress,
T417776,Rahul Sharma,+91-9855347617,No signal inside my house since yesterday evening,app,03-08-2026 19:06,"Salt Lake, Kolkata",22.59356,88.42426,voice,2G,,open,
T363537,Arjun Sharma,+91-9820048946,"Internet not working since morning, router shows red light",chat,25-08-2026 13:25,"Raj Nagar, Ghaziabad",28.70106,77.44056,broadband,2G,Samsung Galaxy S23,open,
T920755,Ananya Reddy,+91-9839826611,"Broadband has been down since morning in my area, no connectivity at all",chat,12-08-2026 23:16,"Dwarka, Delhi",28.59263,77.05351,broadband,fiber,,resolved,Node rebooted at local exchange; connectivity restored and confirmed with customer.
T537977,Aditya Kumar,+91-9835212337,"App login not working, OTP never arrives",email,09-08-2026 22:04,"Bandra, Mumbai",19.0586,72.83067,other,4G,iPhone 14,resolved,GST invoice generated and emailed; billing profile updated with GSTIN.
T757658,Ishaan Iyer,+91-9892147935,"Technician never showed up for the scheduled visit, no call either",app,23-08-2026 17:04,"Salt Lake, Kolkata",22.58508,88.41825,broadband,3G,Samsung Galaxy S23,in_progress,
T730025,Nikhil Iyer,+91-9832893086,"Technician never showed up for the scheduled visit, no call either",social,04-08-2026 23:31,"Dwarka, Delhi",28.59851,77.03964,broadband,fiber,OnePlus 11,resolved,Technician visit rescheduled with slot confirmation; work completed on second visit.
T966264,Sneha Gupta,+91-9869396183,"Broadband has been down since morning in my area, no connectivity at all",chat,25-08-2026 11:18,"Raj Nagar, Ghaziabad",28.69356,77.44165,broadband,4G,Samsung Galaxy S23,open,
T200198,Riya Reddy,+91-9812705048,"Net nahi chal raha hai subah se, kaam ruk gaya hai please fix",chat,21-08-2026 22:34,"Indirapuram, Ghaziabad",28.64863,77.37959,broadband,4G,Xiaomi 13,resolved,VoLTE re-provisioned on the SIM and phone rebooted; call drops stopped.
T805282,Rohan Kumar,+91-9887862664,"Broadband has been down since yesterday in my area, no connectivity at all",email,25-08-2026 15:21,"Raj Nagar, Ghaziabad",28.69697,77.4291,broadband,5G,,open,
T111755,Pooja Patel,+91-9820413322,5G not working on my new phone even though plan supports it,app,01-08-2026 02:10,"Indirapuram, Ghaziabad",28.64081,77.36596,mobile data,2G,JioFiber ONT,open,
T234425,Arjun Kumar,+91-9818244186,"ONT box blinking red, replacement needed urgently",app,09-08-2026 08:51,"Whitefield, Bangalore",12.97599,77.75168,broadband,4G,Xiaomi 13,resolved,Faulty router replaced under warranty; new unit delivered and activated in 2 days.
T220213,Aarav Das,+91-9852598349,"Autopay deducted twice this month, very frustrating experience",social,17-08-2026 05:00,"Andheri, Mumbai",19.10696,72.86258,broadband,4G,,resolved,Duplicate payment reversed to source account in 5 business days; customer confirmed receipt.
T484123,Diya Verma,+91-9841674763,"Internet not working since morning, router shows red light",email,05-08-2026 11:33,"Whitefield, Bangalore",12.97879,77.74065,broadband,3G,JioFiber ONT,open,
T826687,Aditya Sharma,+91-9872932224,Wrong late fee added even though I paid before the due date,chat,26-07-2026 23:12,"Whitefield, Bangalore",12.97407,77.75417,broadband,fiber,OnePlus 11,resolved,Payment reconciliation job re-run with the transaction ID; recharge credited same day.
T903531,Sameer Das,+91-9815066382,"ONT box blinking red, replacement needed urgently",social,02-08-2026 07:38,"Indirapuram, Ghaziabad",28.63953,77.36564,broadband,fiber,,open,
T669902,Priya Sharma,+91-9871557975,"ONT box blinking red, replacement needed urgently",social,28-07-2026 02:09,"Raj Nagar, Ghaziabad",28.70025,77.43306,broadband,fiber,JioFiber ONT,resolved,SIM replaced at store; 5G registering correctly on the handset now.
T313008,Rohan Patel,+91-9861441896,"4G speed ekdum slow ho gaya hai is week, barely 1 mbps",chat,25-08-2026 11:10,Gurgaon Sector 29,28.45132,77.03141,mobile data,4G,,open,
T197758,Diya Iyer,+91-9819010480,My recharge of 599 not reflecting but money deducted from bank,app,13-08-2026 19:45,Noida Sector 62,28.63189,77.36235,mobile data,3G,TP-Link Router,resolved,Duplicate payment reversed to source account in 5 business days; customer confirmed receipt.
T849014,Diya Sharma,+91-9870468188,New connection installation pending for 10 days despite payment,social,03-08-2026 18:39,"Whitefield, Bangalore",12.97272,77.74078,broadband,5G,Xiaomi 13,resolved,Plan upgrade applied manually and prorated; confirmation SMS sent.
T799318,Sameer Joshi,+91-9841385191,"Naya connection ke liye 2 hafte se wait kar raha hoon, koi response nahi",email,29-07-2026 22:54,"Salt Lake, Kolkata",22.58709,88.41205,broadband,4G,TP-Link Router,resolved,Plan upgrade applied manually and prorated; confirmation SMS sent.
T910891,Kavya Reddy,+91-9854058573,"Broadband has been down since 2 hours in my area, no connectivity at all",app,15-08-2026 06:40,"Dwarka, Delhi",28.59493,77.04399,broadband,fiber,OnePlus 11,resolved,Node rebooted at local exchange; connectivity restored and confirmed with customer.
T934794,Vivaan Singh,+91-9858942697,Frequent call drops when talking for more than 2 minutes,app,05-08-2026 20:43,"Connaught Place, Delhi",28.6257,77.21169,voice,2G,OnePlus 11,open,
T804728,Priya Iyer,+91-9894640912,Bill me extra charges laga diye hain jo maine use nahi kiya,app,02-08-2026 08:19,"Connaught Place, Delhi",28.63935,77.20747,mobile data,2G,JioFiber ONT,open,
T792764,Pooja Reddy,+91-9834929311,"SIM porting request pending since last week, when will it complete",call,09-08-2026 05:31,"Dwarka, Delhi",28.59754,77.04191,voice,3G,JioFiber ONT,open,
T867305,Riya Verma,+91-9821888060,"Internet not working since morning, router shows red light",chat,25-08-2026 13:40,"Raj Nagar, Ghaziabad",28.69999,77.4416,broadband,5G,Xiaomi 13,open,
T930555,Vivaan Verma,+91-9830514014,"ONT box blinking red, replacement needed urgently",social,21-08-2026 06:52,"Bandra, Mumbai",19.05087,72.82713,broadband,5G,TP-Link Router,open,
T359642,Rahul Reddy,+91-9857146562,My recharge of 599 not reflecting but money deducted from bank,app,05-08-2026 22:30,"Indirapuram, Ghaziabad",28.64385,77.38061,mobile data,2G,,resolved,Incorrect charge waived and adjusted in next invoice; goodwill credit of Rs 50 applied.
T140230,Tanvi Patel,+91-9840787425,Need GST invoice for my corporate connection,chat,16-08-2026 20:05,"Connaught Place, Delhi",28.64008,77.21523,other,fiber,iPhone 14,resolved,Shared family plan options and activated chosen 4-line plan on request.
T636565,Tanvi Joshi,+91-9815285691,"Net nahi chal raha hai subah se, kaam ruk gaya hai please fix",chat,25-08-2026 13:45,"Raj Nagar, Ghaziabad",28.69253,77.44684,broadband,3G,iPhone 14,open,
T313660,Pooja Singh,+91-9884209721,"Naya connection ke liye 2 hafte se wait kar raha hoon, koi response nahi",call,27-07-2026 16:27,"Indirapuram, Ghaziabad",28.63251,77.36263,broadband,fiber,iPhone 14,resolved,Plan upgrade applied manually and prorated; confirmation SMS sent.
T461912,Nikhil Joshi,+91-9843560111,"Internet not working since morning, router shows red light",email,25-08-2026 12:19,"Raj Nagar, Ghaziabad",28.70099,77.43136,broadband,fiber,OnePlus 11,open,
T326957,Nikhil Gupta,+91-9832561918,"Set top box remote not working, need replacement",social,28-07-2026 09:27,"Salt Lake, Kolkata",22.57963,88.4104,other,2G,OnePlus 11,resolved,Set top box remote replaced free of cost; paired and verified working.
T640418,Diya Kumar,+91-9862523472,No signal inside my house since yesterday evening,email,07-08-2026 15:39,"T Nagar, Chennai",13.04052,80.24098,voice,2G,TP-Link Router,open,
T876962,Diya Joshi,+91-9898227303,"Call quality bahut kharab hai, awaaz cut hoti rehti hai",call,25-08-2026 03:29,Noida Sector 62,28.63192,77.3592,voice,5G,Xiaomi 13,resolved,VoLTE re-provisioned on the SIM and phone rebooted; call drops stopped.
T696707,Priya Singh,+91-9822335296,"4G speed ekdum slow ho gaya hai is week, barely 1 mbps",call,14-08-2026 01:15,"Whitefield, Bangalore",12.97427,77.75586,mobile data,3G,Xiaomi 13,open,
T506945,Rohan Sharma,+91-9899736040,My recharge of 599 not reflecting but money deducted from bank,email,13-08-2026 09:25,"Indirapuram, Ghaziabad",28.64963,77.3632,mobile data,4G,Samsung Galaxy S23,resolved,Payment reconciliation job re-run with the transaction ID; recharge credited same day.
T531534,Riya Singh,+91-9856206851,Want to know about family plan options and pricing,app,25-08-2026 14:31,"Koramangala, Bangalore",12.93018,77.63162,other,2G,JioFiber ONT,resolved,GST invoice generated and emailed; billing profile updated with GSTIN.
T809952,Rohan Singh,+91-9836268513,New connection installation pending for 10 days despite payment,social,29-07-2026 20:54,"Dwarka, Delhi",28.58999,77.04581,broadband,fiber,TP-Link Router,resolved,Technician visit rescheduled with slot confirmation; work completed on second visit.
T830115,Ananya Kumar,+91-9872579321,My recharge of 599 not reflecting but money deducted from bank,social,30-07-2026 21:53,Gurgaon Sector 29,28.46811,77.01836,mobile data,2G,iPhone 14,open,
T491835,Diya Iyer,+91-9859221971,"Set top box remote not working, need replacement",email,28-07-2026 05:18,"Andheri, Mumbai",19.11372,72.86496,other,2G,TP-Link Router,resolved,"Overheating modem swapped; advised customer on ventilation, stable since."
T589251,Karan Singh,+91-9826336672,Need GST invoice for my corporate connection,app,05-08-2026 17:42,Noida Sector 62,28.62735,77.35577,other,3G,Samsung Galaxy S23,open,
T815153,Meera Verma,+91-9810923862,"4G speed ekdum slow ho gaya hai is week, barely 1 mbps",social,18-08-2026 04:12,Noida Sector 62,28.63691,77.37214,mobile data,2G,,open,
T325657,Karan Patel,+91-9863183240,"Wifi keeps disconnecting every few minutes, work from home impossible",app,25-08-2026 15:55,"Raj Nagar, Ghaziabad",28.69337,77.44179,broadband,4G,iPhone 14,open,
T881369,Aarav Joshi,+91-9816582607,No signal inside my house since yesterday evening,app,07-08-2026 09:50,"T Nagar, Chennai",13.04731,80.2287,voice,4G,iPhone 14,in_progress,
T813446,Varun Singh,+91-9866752704,"Internet not working since morning, router shows red light",chat,25-08-2026 11:03,"Raj Nagar, Ghaziabad",28.70141,77.44137,broadband,4G,Xiaomi 13,open,
T934692,Kavya Das,+91-9873509974,"Set top box remote not working, need replacement",call,05-08-2026 07:12,"Bandra, Mumbai",19.05528,72.83278,other,fiber,OnePlus 11,open,
T337264,Pooja Iyer,+91-9873598657,"Call quality bahut kharab hai, awaaz cut hoti rehti hai",email,08-08-2026 09:42,"T Nagar, Chennai",13.04709,80.2244,voice,4G,Xiaomi 13,resolved,VoLTE re-provisioned on the SIM and phone rebooted; call drops stopped.
T184491,Priya Kumar,+91-9852910691,"4G speed ekdum slow ho gaya hai is week, barely 1 mbps",chat,12-08-2026 10:04,"Salt Lake, Kolkata",22.58133,88.42098,mobile data,3G,Samsung Galaxy S23,open,
T165352,Ananya Sharma,+91-9869509188,"Autopay deducted twice this month, very frustrating experience",call,21-08-2026 15:42,"Connaught Place, Delhi",28.63866,77.21225,broadband,3G,JioFiber ONT,open,
T447668,Priya Kumar,+91-9828026223,"Autopay deducted twice this month, very frustrating experience",email,27-07-2026 06:12,"Salt Lake, Kolkata",22.58561,88.4226,broadband,5G,TP-Link Router,open,
T159259,Priya Gupta,+91-9842113655,"Broadband has been down since morning in my area, no connectivity at all",call,25-08-2026 14:48,"Raj Nagar, Ghaziabad",28.69546,77.44225,broadband,5G,Samsung Galaxy S23,open,
T387096,Arjun Iyer,+91-9895476210,"Autopay deducted twice this month, very frustrating experience",chat,06-08-2026 13:55,Noida Sector 62,28.61914,77.35859,broadband,fiber,TP-Link Router,in_progress,
T619238,Kavya Iyer,+91-9825255803,"Call quality bahut kharab hai, awaaz cut hoti rehti hai",social,19-08-2026 21:28,"Salt Lake, Kolkata",22.58644,88.42208,voice,fiber,Xiaomi 13,resolved,"Fiber patch re-spliced at the junction box; link stable for 24 hours, ticket closed."
T357859,Sameer Sharma,+91-9895160766,"Mobile data extremely slow, pages take forever to load on 4G",social,10-08-2026 23:20,"Koramangala, Bangalore",12.93272,77.63336,mobile data,3G,OnePlus 11,open,
T293458,Sneha Joshi,+91-9826974987,"Internet not working since morning, router shows red light",social,20-08-2026 02:27,"Dwarka, Delhi",28.59624,77.04931,broadband,4G,iPhone 14,resolved,APN reset to default and cell congestion cleared after RF team added capacity; speeds normal.
T146853,Ananya Iyer,+91-9870726434,"Requested plan upgrade a week ago, still not activated",call,09-08-2026 13:43,"Bandra, Mumbai",19.06658,72.83246,broadband,3G,JioFiber ONT,resolved,Plan upgrade applied manually and prorated; confirmation SMS sent.
T922987,Kavya Patel,+91-9879800523,"Technician never showed up for the scheduled visit, no call either",chat,12-08-2026 01:11,"Andheri, Mumbai",19.11356,72.86144,broadband,fiber,,open,
T269662,Rohan Verma,+91-9812138110,"I was charged twice for my monthly plan, need refund immediately",call,09-08-2026 02:41,"Connaught Place, Delhi",28.63645,77.20719,broadband,5G,Xiaomi 13,resolved,Payment reconciliation job re-run with the transaction ID; recharge credited same day.
T197758,Diya Iyer,+91-9819010480,My recharge of 599 not reflecting but money deducted from bank,call,13-08-2026 19:45,Noida Sector 62,28.63189,77.36235,mobile data,3G,TP-Link Router,resolved,Duplicate payment reversed to source account in 5 business days; customer confirmed receipt.
T898678,Varun Patel,+91-9828592146,Want to know about family plan options and pricing,email,03-08-2026 19:05,"Andheri, Mumbai",19.10658,72.87426,other,2G,,resolved,Shared family plan options and activated chosen 4-line plan on request.
T746947,Meera Patel,+91-9814650569,No signal inside my house since yesterday evening,app,12-08-2026 21:48,"Connaught Place, Delhi",28.63148,77.22436,voice,5G,Samsung Galaxy S23,open,
T584498,Sameer Patel,+91-9854424679,"Call quality bahut kharab hai, awaaz cut hoti rehti hai",email,01-08-2026 22:33,"Dwarka, Delhi",28.5947,77.03973,voice,5G,Xiaomi 13,open,
T108840,Pooja Joshi,+91-9858045348,Want to know about family plan options and pricing,email,09-08-2026 08:36,"Indirapuram, Ghaziabad",28.63941,77.36626,other,2G,iPhone 14,resolved,GST invoice generated and emailed; billing profile updated with GSTIN.
T506582,Aarav Joshi,+91-9850294239,"4G speed ekdum slow ho gaya hai is week, barely 1 mbps",chat,21-08-2026 20:31,Gurgaon Sector 29,28.45558,77.02899,mobile data,5G,JioFiber ONT,resolved,APN reset to default and cell congestion cleared after RF team added capacity; speeds normal.
T308314,Ishaan Joshi,+91-9853967101,No signal inside my house since yesterday evening,email,19-08-2026 08:20,"Bandra, Mumbai",19.05695,72.82737,voice,5G,,open,
T150126,Kavya Singh,+91-9857912262,"ONT box blinking red, replacement needed urgently",app,23-08-2026 18:10,Gurgaon Sector 29,28.45199,77.02396,broadband,5G,JioFiber ONT,open,
T492125,Ananya Joshi,+91-9861411543,"Technician never showed up for the scheduled visit, no call either",email,10-08-2026 22:00,Gurgaon Sector 29,28.45284,77.01728,broadband,fiber,OnePlus 11,resolved,Plan upgrade applied manually and prorated; confirmation SMS sent.
T459609,Varun Kumar,+91-9882673252,"Autopay deducted twice this month, very frustrating experience",app,29-07-2026 16:00,"Bandra, Mumbai",19.05653,72.82839,broadband,5G,,resolved,Duplicate payment reversed to source account in 5 business days; customer confirmed receipt.
T612643,Tanvi Gupta,+91-9819668169,Frequent call drops when talking for more than 2 minutes,email,01-08-2026 00:05,"T Nagar, Chennai",13.04994,80.23647,voice,3G,JioFiber ONT,resolved,VoLTE re-provisioned on the SIM and phone rebooted; call drops stopped.
T910555,Sneha Iyer,+91-9833719260,International roaming pack charged but never activated,chat,04-08-2026 18:47,"T Nagar, Chennai",13.03775,80.23092,voice,fiber,TP-Link Router,resolved,Payment reconciliation job re-run with the transaction ID; recharge credited same day.
T885478,Tanvi Reddy,+91-9871888947,No signal inside my house since yesterday evening,social,20-08-2026 22:49,Gurgaon Sector 29,28.46491,77.027,voice,3G,OnePlus 11,open,
T764316,Sameer Reddy,+91-9818785652,Wrong late fee added even though I paid before the due date,call,10-08-2026 22:27,"Raj Nagar, Ghaziabad",28.68798,77.44757,broadband,2G,iPhone 14,resolved,Late fee reversed after payment date verification; autopay mandate corrected.
T328026,Kavya Sharma,+91-9894715069,No signal inside my house since yesterday evening,social,12-08-2026 01:32,"Bandra, Mumbai",19.06611,72.82021,voice,5G,TP-Link Router,open,
T940231,Meera Singh,+91-9885839721,"Mobile data extremely slow, pages take forever to load on 4G",app,21-08-2026 19:17,Gurgaon Sector 29,28.46121,77.03056,mobile data,5G,iPhone 14,resolved,"Fiber patch re-spliced at the junction box; link stable for 24 hours, ticket closed."
T656754,Priya Kumar,+91-9865301707,Frequent call drops when talking for more than 2 minutes,call,25-08-2026 12:55,"Andheri, Mumbai",19.11357,72.87447,voice,5G,Samsung Galaxy S23,in_progress,
T656379,Ishaan Verma,+91-9878515906,Bill me extra charges laga diye hain jo maine use nahi kiya,app,15-08-2026 08:09,Noida Sector 62,28.62402,77.37406,mobile data,3G,iPhone 14,open,
T840140,Kavya Patel,+91-9837323438,"Requested plan upgrade a week ago, still not activated",call,13-08-2026 05:08,"Dwarka, Delhi",28.58398,77.04606,broadband,fiber,Xiaomi 13,resolved,Plan upgrade applied manually and prorated; confirmation SMS sent.
T336508,Riya Patel,+91-9829138848,"Internet not working since morning, router shows red light",call,25-08-2026 15:05,"Raj Nagar, Ghaziabad",28.69695,77.43395,broadband,fiber,Samsung Galaxy S23,open,
T274740,Rohan Patel,+91-9852293683,Need GST invoice for my corporate connection,app,11-08-2026 12:40,"Salt Lake, Kolkata",22.5947,88.40994,other,2G,JioFiber ONT,open,
T927630,Aditya Sharma,+91-9845189912,"Naya connection ke liye 2 hafte se wait kar raha hoon, koi response nahi",social,24-08-2026 15:56,"Indirapuram, Ghaziabad",28.63773,77.37665,broadband,5G,Xiaomi 13,resolved,"Installation escalated to area field manager; completed next day, customer confirmed."
T178628,Pooja Iyer,+91-9881466893,5G not working on my new phone even though plan supports it,email,16-08-2026 18:25,"Salt Lake, Kolkata",22.59171,88.41478,mobile data,5G,Xiaomi 13,open,
T880823,Kavya Joshi,+91-9895562356,"Call quality bahut kharab hai, awaaz cut hoti rehti hai",email,25-08-2026 14:21,"Koramangala, Bangalore",12.93635,77.62366,voice,4G,JioFiber ONT,resolved,Node rebooted at local exchange; connectivity restored and confirmed with customer.
T770063,Arjun Singh,+91-9882788896,"Wifi keeps disconnecting every few minutes, work from home impossible",call,25-08-2026 13:04,"Dwarka, Delhi",28.60176,77.05346,broadband,2G,iPhone 14,open,
T971783,Ananya Reddy,+91-9811865661,Company ka diya hua modem baar baar hang ho raha hai,email,01-08-2026 04:38,"T Nagar, Chennai",13.04585,80.23909,broadband,3G,JioFiber ONT,open,
T263482,Ishaan Sharma,+91-9872957092,"Mobile data extremely slow, pages take forever to load on 4G",chat,25-08-2026 12:48,Gurgaon Sector 29,28.46673,77.03329,mobile data,fiber,,open,
T968679,Rahul Iyer,+91-9823151704,Want to know about family plan options and pricing,call,16-08-2026 15:50,"Whitefield, Bangalore",12.96164,77.7485,other,3G,Xiaomi 13,resolved,Shared family plan options and activated chosen 4-line plan on request.
T691655,Priya Iyer,+91-9872419022,"Internet not working since morning, router shows red light",chat,05-08-2026 03:15,"Connaught Place, Delhi",28.63654,77.22005,broadband,2G,JioFiber ONT,resolved,APN reset to default and cell congestion cleared after RF team added capacity; speeds normal.
T789719,Ishaan Sharma,+91-9882265081,Bill me extra charges laga diye hain jo maine use nahi kiya,social,20-08-2026 05:08,Gurgaon Sector 29,28.4598,77.02502,mobile data,2G,JioFiber ONT,resolved,Late fee reversed after payment date verification; autopay mandate corrected.
T475125,Meera Iyer,+91-9847165431,Frequent call drops when talking for more than 2 minutes,app,09-08-2026 06:42,"Raj Nagar, Ghaziabad",28.70065,77.4388,voice,fiber,Samsung Galaxy S23,resolved,VoLTE re-provisioned on the SIM and phone rebooted; call drops stopped.
T710527,Karan Reddy,+91-9819927432,Company ka diya hua modem baar baar hang ho raha hai,social,18-08-2026 09:48,Gurgaon Sector 29,28.45963,77.03501,broadband,5G,TP-Link Router,resolved,SIM replaced at store; 5G registering correctly on the handset now.
T549407,Pooja Das,+91-9894458947,My recharge of 599 not reflecting but money deducted from bank,call,23-08-2026 14:34,"Andheri, Mumbai",19.10652,72.86495,mobile data,fiber,,open,
T817606,Sneha Joshi,+91-9843546480,"Broadband has been down since morning in my area, no connectivity at all",call,06-08-2026 19:40,"Whitefield, Bangalore",12.96025,77.75203,broadband,5G,TP-Link Router,resolved,"Fiber patch re-spliced at the junction box; link stable for 24 hours, ticket closed."
T911813,Sneha Joshi,+91-9814204135,"Mobile data extremely slow, pages take forever to load on 4G",call,27-07-2026 06:52,"Connaught Place, Delhi",28.64023,77.21393,mobile data,5G,Xiaomi 13,in_progress,
T664939,Vivaan Joshi,+91-9857085656,"App login not working, OTP never arrives",app,16-08-2026 00:07,"Dwarka, Delhi",28.60168,77.04185,other,fiber,OnePlus 11,resolved,GST invoice generated and emailed; billing profile updated with GSTIN.
T600905,Sneha Verma,+91-9866682016,"Broadband has been down since morning in my area, no connectivity at all",chat,25-08-2026 00:01,"Bandra, Mumbai",19.05726,72.83412,broadband,2G,Samsung Galaxy S23,open,
T612438,Nikhil Reddy,+91-9875998330,New connection installation pending for 10 days despite payment,call,30-07-2026 20:46,"Andheri, Mumbai",19.11491,72.87562,broadband,3G,OnePlus 11,resolved,Technician visit rescheduled with slot confirmation; work completed on second visit.
T564971,Aditya Sharma,+91-9818653290,Want to know about family plan options and pricing,call,13-08-2026 15:27,"Whitefield, Bangalore",12.9779,77.75659,other,4G,Samsung Galaxy S23,resolved,GST invoice generated and emailed; billing profile updated with GSTIN.
T124583,Riya Singh,+91-9879851147,"Internet not working since morning, router shows red light",app,25-08-2026 14:00,"Raj Nagar, Ghaziabad",28.70072,77.42934,broadband,3G,JioFiber ONT,open,
T561278,Sneha Singh,+91-9833996035,"Naya connection ke liye 2 hafte se wait kar raha hoon, koi response nahi",email,11-08-2026 10:57,"Indirapuram, Ghaziabad",28.63274,77.36957,broadband,fiber,iPhone 14,resolved,"Installation escalated to area field manager; completed next day, customer confirmed."
T163156,Tanvi Reddy,+91-9850987442,"I was charged twice for my monthly plan, need refund immediately",chat,05-08-2026 06:35,"Bandra, Mumbai",19.06211,72.82479,broadband,2G,iPhone 14,open,
T695791,Tanvi Sharma,+91-9828674348,"Broadband has been down since yesterday in my area, no connectivity at all",email,29-07-2026 17:03,Noida Sector 62,28.62108,77.36271,broadband,fiber,Xiaomi 13,resolved,APN reset to default and cell congestion cleared after RF team added capacity; speeds normal.
T913735,Kavya Gupta,+91-9817055329,Want to know about family plan options and pricing,email,18-08-2026 11:22,Noida Sector 62,28.63155,77.36088,other,3G,Samsung Galaxy S23,in_progress,
T385037,Sneha Patel,+91-9825278272,Want to know about family plan options and pricing,email,08-08-2026 11:09,"Indirapuram, Ghaziabad",28.648,77.37538,other,3G,Samsung Galaxy S23,resolved,Shared family plan options and activated chosen 4-line plan on request.
T800005,Ananya Iyer,+91-9827896471,"4G speed ekdum slow ho gaya hai is week, barely 1 mbps",email,31-07-2026 01:19,"Raj Nagar, Ghaziabad",28.69485,77.44269,mobile data,fiber,Xiaomi 13,open,
T417929,Karan Verma,+91-9835721973,Want to know about family plan options and pricing,call,21-08-2026 19:34,"T Nagar, Chennai",13.03928,80.23356,other,5G,OnePlus 11,open,
T510059,Karan Iyer,+91-9856748995,Bill me extra charges laga diye hain jo maine use nahi kiya,social,07-08-2026 13:41,"Koramangala, Bangalore",12.93974,77.62015,mobile data,3G,JioFiber ONT,open,
T252275,Karan Kumar,+91-9898745007,"Net nahi chal raha hai subah se, kaam ruk gaya hai please fix",email,25-08-2026 15:02,"Raj Nagar, Ghaziabad",28.69524,77.44418,broadband,3G,Samsung Galaxy S23,open,
T195674,Priya Patel,+91-9888561612,Wrong late fee added even though I paid before the due date,app,26-07-2026 18:32,"Koramangala, Bangalore",12.93337,77.62092,broadband,2G,,resolved,Late fee reversed after payment date verification; autopay mandate corrected.
T743416,Sneha Das,+91-9859067682,"Internet not working since morning, router shows red light",email,25-08-2026 13:58,"Raj Nagar, Ghaziabad",28.69246,77.44492,broadband,fiber,iPhone 14,open,
T623694,Aarav Patel,+91-9841098826,"Internet not working since morning, router shows red light",app,22-08-2026 08:21,"Andheri, Mumbai",19.1188,72.87933,broadband,3G,Samsung Galaxy S23,resolved,Node rebooted at local exchange; connectivity restored and confirmed with customer.
T233620,Ishaan Verma,+91-9888942114,"Naya connection ke liye 2 hafte se wait kar raha hoon, koi response nahi",social,28-07-2026 23:33,"T Nagar, Chennai",13.04891,80.24172,broadband,4G,iPhone 14,resolved,"Installation escalated to area field manager; completed next day, customer confirmed."
T144894,Sneha Sharma,+91-9855327823,"Internet not working since morning, router shows red light",call,24-08-2026 16:14,"Bandra, Mumbai",19.05383,72.83258,broadband,fiber,Xiaomi 13,open,
T231250,Arjun Verma,+91-9843635675,New connection installation pending for 10 days despite payment,social,09-08-2026 16:13,"Dwarka, Delhi",28.59277,77.04605,broadband,3G,TP-Link Router,resolved,Plan upgrade applied manually and prorated; confirmation SMS sent.
T437479,Arjun Kumar,+91-9813178141,"Net nahi chal raha hai subah se, kaam ruk gaya hai please fix",email,25-08-2026 10:31,"Raj Nagar, Ghaziabad",28.68911,77.4395,broadband,3G,,open,
T530859,Kavya Joshi,+91-9831642106,"Requested plan upgrade a week ago, still not activated",chat,03-08-2026 15:10,"T Nagar, Chennai",13.03266,80.23557,broadband,3G,iPhone 14,open,
T447411,Rohan Singh,+91-9866434872,My recharge of 599 not reflecting but money deducted from bank,app,15-08-2026 07:24,"Indirapuram, Ghaziabad",28.64371,77.37168,mobile data,2G,Xiaomi 13,open,
T146151,Pooja Gupta,+91-9815622602,"4G speed ekdum slow ho gaya hai is week, barely 1 mbps",call,25-08-2026 12:53,Gurgaon Sector 29,28.46857,77.02049,mobile data,fiber,iPhone 14,open,
T661762,Sameer Das,+91-9865208920,"Broadband has been down since 2 hours in my area, no connectivity at all",call,24-08-2026 16:59,"Bandra, Mumbai",19.05964,72.83346,broadband,5G,,resolved,APN reset to default and cell congestion cleared after RF team added capacity; speeds normal.
T572665,Sneha Kumar,+91-9896632730,"Mobile data extremely slow, pages take forever to load on 4G",call,20-08-2026 20:04,Gurgaon Sector 29,28.45637,77.03497,mobile data,3G,TP-Link Router,resolved,"Fiber patch re-spliced at the junction box; link stable for 24 hours, ticket closed."
T325767,Ananya Sharma,+91-9859398803,"Internet not working since morning, router shows red light",app,25-08-2026 11:19,"Raj Nagar, Ghaziabad",28.69744,77.43576,broadband,4G,Xiaomi 13,open,
T117978,Priya Patel,+91-9874471524,International roaming pack charged but never activated,email,25-08-2026 12:05,"Andheri, Mumbai",19.11129,72.87943,voice,fiber,TP-Link Router,resolved,Incorrect charge waived and adjusted in next invoice; goodwill credit of Rs 50 applied.
T711893,Priya Joshi,+91-9899004832,Want to know about family plan options and pricing,social,02-08-2026 06:29,"Connaught Place, Delhi",28.63684,77.21031,other,2G,iPhone 14,open,
T935922,Diya Reddy,+91-9836770773,International roaming pack charged but never activated,social,12-08-2026 16:34,"Indirapuram, Ghaziabad",28.6479,77.38219,voice,4G,Xiaomi 13,open,
T811152,Riya Sharma,+91-9891151067,No signal inside my house since yesterday evening,app,16-08-2026 23:19,"Salt Lake, Kolkata",22.5768,88.41124,voice,5G,JioFiber ONT,resolved,VoLTE re-provisioned on the SIM and phone rebooted; call drops stopped.
T788457,Pooja Singh,+91-9843822301,"SIM porting request pending since last week, when will it complete",app,21-08-2026 02:56,Noida Sector 62,28.61863,77.36817,voice,4G,OnePlus 11,open,
T341281,Aditya Kumar,+91-9852323714,"Net nahi chal raha hai subah se, kaam ruk gaya hai please fix",chat,25-08-2026 15:04,"Raj Nagar, Ghaziabad",28.68866,77.43679,broadband,4G,iPhone 14,open,
T423110,Sneha Singh,+91-9881845535,"4G speed ekdum slow ho gaya hai is week, barely 1 mbps",social,24-08-2026 20:11,Gurgaon Sector 29,28.45926,77.03175,mobile data,fiber,JioFiber ONT,resolved,APN reset to default and cell congestion cleared after RF team added capacity; speeds normal.
T581111,Riya Kumar,+91-9825217605,"Autopay deducted twice this month, very frustrating experience",app,31-07-2026 17:38,Noida Sector 62,28.62054,77.3668,broadband,fiber,Xiaomi 13,in_progress,
T416604,Rohan Patel,+91-9877102111,My router provided by company keeps restarting every hour,call,21-08-2026 21:46,"Andheri, Mumbai",19.11039,72.87278,broadband,5G,iPhone 14,resolved,Set top box remote replaced free of cost; paired and verified working.
T369705,Arjun Patel,+91-9862137114,"Internet not working since morning, router shows red light",app,25-08-2026 14:15,"Raj Nagar, Ghaziabad",28.6974,77.43693,broadband,4G,iPhone 14,open,
T323297,Aarav Das,+91-9835036832,"Call quality bahut kharab hai, awaaz cut hoti rehti hai",app,31-07-2026 12:04,"T Nagar, Chennai",13.05054,80.23475,voice,fiber,,open,
T116349,Nikhil Singh,+91-9818672678,"I was charged twice for my monthly plan, need refund immediately",call,18-08-2026 00:33,"Koramangala, Bangalore",12.92955,77.63101,broadband,2G,Samsung Galaxy S23,open,
T609990,Ananya Joshi,+91-9840425851,"Autopay deducted twice this month, very frustrating experience",app,10-08-2026 01:16,"Indirapuram, Ghaziabad",28.6477,77.37779,broadband,fiber,OnePlus 11,resolved,Incorrect charge waived and adjusted in next invoice; goodwill credit of Rs 50 applied.
T212537,Tanvi Patel,+91-9869010948,My recharge of 599 not reflecting but money deducted from bank,app,03-08-2026 19:39,"Salt Lake, Kolkata",22.59633,88.41558,mobile data,fiber,iPhone 14,open,
T817606,Sneha Joshi,+91-9843546480,"Broadband has been down since morning in my area, no connectivity at all",app,06-08-2026 19:40,"Whitefield, Bangalore",12.96025,77.75203,broadband,5G,TP-Link Router,resolved,"Fiber patch re-spliced at the junction box; link stable for 24 hours, ticket closed."
T966945,Meera Reddy,+91-9840838308,"4G speed ekdum slow ho gaya hai is week, barely 1 mbps",social,28-07-2026 21:06,"Bandra, Mumbai",19.0545,72.83769,mobile data,fiber,JioFiber ONT,open,
T152458,Aarav Sharma,+91-9893117917,"Broadband has been down since morning in my area, no connectivity at all",app,25-08-2026 10:54,"Raj Nagar, Ghaziabad",28.7012,77.43437,broadband,5G,JioFiber ONT,open,
T703726,Arjun Sharma,+91-9896391469,"Broadband has been down since morning in my area, no connectivity at all",email,30-07-2026 04:34,"Dwarka, Delhi",28.58779,77.05283,broadband,5G,Samsung Galaxy S23,open,
T718990,Karan Kumar,+91-9870516875,International roaming pack charged but never activated,email,19-08-2026 06:22,"Koramangala, Bangalore",12.927,77.62098,voice,3G,JioFiber ONT,resolved,Late fee reversed after payment date verification; autopay mandate corrected.
T942664,Aditya Sharma,+91-9814211686,My recharge of 599 not reflecting but money deducted from bank,email,25-08-2026 14:31,"Koramangala, Bangalore",12.92893,77.62445,mobile data,5G,,open,
T669097,Vivaan Iyer,+91-9868720256,No signal inside my house since yesterday evening,chat,19-08-2026 07:00,"Salt Lake, Kolkata",22.58803,88.41797,voice,4G,JioFiber ONT,open,
T915437,Tanvi Sharma,+91-9827900736,"4G speed ekdum slow ho gaya hai is week, barely 1 mbps",call,05-08-2026 11:01,"Connaught Place, Delhi",28.63909,77.20831,mobile data,2G,iPhone 14,resolved,"Fiber patch re-spliced at the junction box; link stable for 24 hours, ticket closed."
T504719,Meera Sharma,+91-9837709690,"Internet not working since morning, router shows red light",app,25-08-2026 12:28,"Raj Nagar, Ghaziabad",28.70227,77.44191,broadband,3G,JioFiber ONT,open,
T366640,Diya Singh,+91-9891260195,Company ka diya hua modem baar baar hang ho raha hai,social,24-08-2026 03:18,"Salt Lake, Kolkata",22.58827,88.42035,broadband,3G,Samsung Galaxy S23,resolved,Set top box remote replaced free of cost; paired and verified working.
T783288,Arjun Sharma,+91-9813868320,"Internet not working since morning, router shows red light",call,25-08-2026 14:25,"Raj Nagar, Ghaziabad",28.68997,77.44382,broadband,3G,Xiaomi 13,open,
T720875,Ishaan Sharma,+91-9831475246,"Mobile data extremely slow, pages take forever to load on 4G",social,13-08-2026 01:37,"Whitefield, Bangalore",12.96891,77.75416,mobile data,fiber,OnePlus 11,open,
T401021,Kavya Patel,+91-9851672868,Want to know about family plan options and pricing,app,11-08-2026 09:59,"Dwarka, Delhi",28.58491,77.04231,other,3G,,resolved,GST invoice generated and emailed; billing profile updated with GSTIN.
T542875,Diya Das,+91-9881042742,"Net nahi chal raha hai subah se, kaam ruk gaya hai please fix",chat,17-08-2026 19:49,"Salt Lake, Kolkata",22.58475,88.41824,broadband,4G,Samsung Galaxy S23,in_progress,
T482746,Tanvi Gupta,+91-9853739710,"Requested plan upgrade a week ago, still not activated",social,27-07-2026 14:52,"Salt Lake, Kolkata",22.5807,88.42705,broadband,3G,JioFiber ONT,resolved,Technician visit rescheduled with slot confirmation; work completed on second visit.
T630126,Diya Das,+91-9892263926,International roaming pack charged but never activated,email,27-07-2026 05:34,"T Nagar, Chennai",13.04919,80.2256,voice,5G,OnePlus 11,resolved,Incorrect charge waived and adjusted in next invoice; goodwill credit of Rs 50 applied.
T719774,Varun Iyer,+91-9876724054,"Wifi keeps disconnecting every few minutes, work from home impossible",call,25-08-2026 15:42,"Raj Nagar, Ghaziabad",28.70166,77.43173,broadband,fiber,Xiaomi 13,open,
T768568,Diya Gupta,+91-9819465618,"Wifi keeps disconnecting every few minutes, work from home impossible",call,25-08-2026 10:13,"Raj Nagar, Ghaziabad",28.68578,77.44412,broadband,2G,iPhone 14,open,
T904894,Ishaan Gupta,+91-9879305456,"Wifi keeps disconnecting every few minutes, work from home impossible",social,21-08-2026 16:20,"Whitefield, Bangalore",12.97352,77.75585,broadband,4G,Xiaomi 13,open,
T868140,Riya Reddy,+91-9831636866,"Broadband has been down since last night in my area, no connectivity at all",chat,25-08-2026 15:33,"Raj Nagar, Ghaziabad",28.7022,77.44377,broadband,3G,,open,
T736176,Nikhil Gupta,+91-9847600104,"Wifi keeps disconnecting every few minutes, work from home impossible",call,25-08-2026 15:46,"Raj Nagar, Ghaziabad",28.68463,77.44109,broadband,4G,TP-Link Router,open,
T117173,Pooja Gupta,+91-9829101240,"4G speed ekdum slow ho gaya hai is week, barely 1 mbps",email,25-08-2026 14:58,Gurgaon Sector 29,28.45456,77.02458,mobile data,5G,OnePlus 11,open,
T342669,Karan Das,+91-9851130478,International roaming pack charged but never activated,app,23-08-2026 02:30,"Indirapuram, Ghaziabad",28.64052,77.36363,voice,5G,JioFiber ONT,open,
T435476,Karan Gupta,+91-9853191535,"App login not working, OTP never arrives",call,31-07-2026 06:17,"Raj Nagar, Ghaziabad",28.69403,77.43069,other,2G,iPhone 14,resolved,GST invoice generated and emailed; billing profile updated with GSTIN.
T288643,Varun Das,+91-9857278642,"I was charged twice for my monthly plan, need refund immediately",email,06-08-2026 18:32,"Whitefield, Bangalore",12.97562,77.74715,broadband,2G,iPhone 14,resolved,Duplicate payment reversed to source account in 5 business days; customer confirmed receipt.
T244818,Diya Gupta,+91-9897573396,"SIM porting request pending since last week, when will it complete",social,04-08-2026 23:33,Noida Sector 62,28.63519,77.3635,voice,3G,JioFiber ONT,resolved,Porting request re-submitted with corrected UPC code; number active on new plan.
T659890,Ananya Singh,+91-9833988814,"Mobile data extremely slow, pages take forever to load on 4G",email,25-08-2026 15:30,Gurgaon Sector 29,28.46057,77.02398,mobile data,3G,iPhone 14,open,
T913970,Riya Singh,+91-9887402122,"Set top box remote not working, need replacement",email,25-08-2026 16:07,"Koramangala, Bangalore",12.93615,77.61569,other,3G,TP-Link Router,open,
T142187,Rohan Iyer,+91-9833814342,"Internet not working since morning, router shows red light",social,25-08-2026 14:36,"Raj Nagar, Ghaziabad",28.68815,77.44316,broadband,2G,iPhone 14,open,
T147435,Varun Joshi,+91-9824464884,"Naya connection ke liye 2 hafte se wait kar raha hoon, koi response nahi",app,10-08-2026 02:27,Noida Sector 62,28.636,77.37311,broadband,5G,JioFiber ONT,in_progress,
T606121,Ishaan Verma,+91-9865838294,Need GST invoice for my corporate connection,chat,22-08-2026 18:06,"Connaught Place, Delhi",28.63373,77.22228,other,fiber,Samsung Galaxy S23,in_progress,
T569217,Riya Joshi,+91-9897428745,New connection installation pending for 10 days despite payment,app,18-08-2026 02:15,"Salt Lake, Kolkata",22.58252,88.41957,broadband,5G,Samsung Galaxy S23,resolved,Plan upgrade applied manually and prorated; confirmation SMS sent.
T308376,Sameer Das,+91-9826393556,5G not working on my new phone even though plan supports it,call,23-08-2026 12:05,"T Nagar, Chennai",13.04907,80.22846,mobile data,2G,iPhone 14,resolved,"Overheating modem swapped; advised customer on ventilation, stable since."
T429733,Diya Das,+91-9888768688,"Wifi keeps disconnecting every few minutes, work from home impossible",social,25-08-2026 11:18,"Raj Nagar, Ghaziabad",28.68366,77.44339,broadband,fiber,Samsung Galaxy S23,open,
T369804,Diya Patel,+91-9891530481,5G not working on my new phone even though plan supports it,call,18-08-2026 09:28,Gurgaon Sector 29,28.46652,77.02826,mobile data,3G,TP-Link Router,resolved,SIM replaced at store; 5G registering correctly on the handset now.
T767687,Priya Kumar,+91-9811445395,"Internet not working since morning, router shows red light",social,25-08-2026 12:22,"Raj Nagar, Ghaziabad",28.68882,77.43035,broadband,fiber,Xiaomi 13,open,
T107161,Ananya Patel,+91-9828872606,International roaming pack charged but never activated,email,21-08-2026 11:25,Noida Sector 62,28.62171,77.36998,voice,4G,OnePlus 11,resolved,Incorrect charge waived and adjusted in next invoice; goodwill credit of Rs 50 applied.
T114923,Riya Iyer,+91-9833540092,"Call quality bahut kharab hai, awaaz cut hoti rehti hai",app,26-07-2026 21:57,"Bandra, Mumbai",19.0541,72.82363,voice,3G,OnePlus 11,resolved,"Fiber patch re-spliced at the junction box; link stable for 24 hours, ticket closed."
T429474,Pooja Gupta,+91-9839249849,"Mobile data extremely slow, pages take forever to load on 4G",email,25-08-2026 12:56,Gurgaon Sector 29,28.45498,77.0309,mobile data,3G,Xiaomi 13,open,
T353633,Kavya Joshi,+91-9871898476,"Broadband has been down since last night in my area, no connectivity at all",email,22-08-2026 11:22,Gurgaon Sector 29,28.4595,77.01882,broadband,fiber,,resolved,"Fiber patch re-spliced at the junction box; link stable for 24 hours, ticket closed."
T374320,Nikhil Verma,+91-9865201639,"Requested plan upgrade a week ago, still not activated",call,19-08-2026 11:27,"T Nagar, Chennai",13.04589,80.23766,broadband,fiber,JioFiber ONT,resolved,"Installation escalated to area field manager; completed next day, customer confirmed."
T947607,Ananya Joshi,+91-9896201956,Want to know about family plan options and pricing,call,30-07-2026 04:46,"Salt Lake, Kolkata",22.5923,88.42554,other,4G,OnePlus 11,resolved,GST invoice generated and emailed; billing profile updated with GSTIN.
T188771,Aarav Iyer,+91-9879525894,International roaming pack charged but never activated,app,19-08-2026 16:36,"Andheri, Mumbai",19.1202,72.8727,voice,4G,TP-Link Router,resolved,Duplicate payment reversed to source account in 5 business days; customer confirmed receipt.
T707794,Rohan Singh,+91-9868410653,"Mobile data extremely slow, pages take forever to load on 4G",email,25-08-2026 15:15,Gurgaon Sector 29,28.45377,77.01861,mobile data,2G,Xiaomi 13,open,
T222119,Aditya Patel,+91-9847373355,No signal inside my house since yesterday evening,call,02-08-2026 23:24,"Andheri, Mumbai",19.11849,72.86415,voice,2G,OnePlus 11,open,
T449636,Nikhil Verma,+91-9886134185,International roaming pack charged but never activated,email,25-08-2026 06:33,"Dwarka, Delhi",28.5832,77.05594,voice,2G,OnePlus 11,resolved,Payment reconciliation job re-run with the transaction ID; recharge credited same day.
T715870,Diya Reddy,+91-9870887034,"SIM porting request pending since last week, when will it complete",email,14-08-2026 17:42,"Indirapuram, Ghaziabad",28.6451,77.37907,voice,fiber,Xiaomi 13,resolved,Technician visit rescheduled with slot confirmation; work completed on second visit.
T295236,Varun Iyer,+91-9895828882,"Net nahi chal raha hai subah se, kaam ruk gaya hai please fix",chat,25-08-2026 12:42,"Raj Nagar, Ghaziabad",28.68789,77.44245,broadband,4G,OnePlus 11,open,
T642404,Pooja Patel,+91-9864105718,Frequent call drops when talking for more than 2 minutes,email,05-08-2026 21:28,"Whitefield, Bangalore",12.96442,77.7542,voice,3G,TP-Link Router,in_progress,
T550631,Tanvi Sharma,+91-9888076270,"Net nahi chal raha hai subah se, kaam ruk gaya hai please fix",email,25-08-2026 12:00,"Raj Nagar, Ghaziabad",28.69815,77.4322,broadband,fiber,,open,
T650916,Tanvi Das,+91-9858061434,"Requested plan upgrade a week ago, still not activated",chat,11-08-2026 17:13,"T Nagar, Chennai",13.04221,80.23983,broadband,3G,Xiaomi 13,resolved,Plan upgrade applied manually and prorated; confirmation SMS sent.
T171603,Varun Kumar,+91-9894183695,My router provided by company keeps restarting every hour,email,27-07-2026 03:50,"Whitefield, Bangalore",12.97243,77.75593,broadband,fiber,Samsung Galaxy S23,resolved,SIM replaced at store; 5G registering correctly on the handset now.
T362552,Ishaan Singh,+91-9822527880,"I was charged twice for my monthly plan, need refund immediately",app,26-07-2026 20:11,"Connaught Place, Delhi",28.63479,77.21968,broadband,2G,Xiaomi 13,open,
T543824,Arjun Das,+91-9873115666,"Mobile data extremely slow, pages take forever to load on 4G",chat,25-08-2026 11:16,Gurgaon Sector 29,28.44984,77.03583,mobile data,fiber,JioFiber ONT,open,
T196424,Pooja Gupta,+91-9893828673,"Naya connection ke liye 2 hafte se wait kar raha hoon, koi response nahi",social,11-08-2026 21:24,"Raj Nagar, Ghaziabad",28.68934,77.42965,broadband,fiber,Xiaomi 13,open,
T670054,Nikhil Verma,+91-9898126056,International roaming pack charged but never activated,email,28-07-2026 20:07,"Connaught Place, Delhi",28.63561,77.22297,voice,3G,Xiaomi 13,resolved,Payment reconciliation job re-run with the transaction ID; recharge credited same day.
T786141,Varun Verma,+91-9815508152,My router provided by company keeps restarting every hour,chat,19-08-2026 11:38,"Indirapuram, Ghaziabad",28.64609,77.38091,broadband,2G,TP-Link Router,open,
T846151,Priya Kumar,+91-9847655580,"Wifi keeps disconnecting every few minutes, work from home impossible",chat,11-08-2026 13:48,"Raj Nagar, Ghaziabad",28.689,77.42925,broadband,2G,Samsung Galaxy S23,in_progress,
T747736,Diya Singh,+91-9824811778,"Call quality bahut kharab hai, awaaz cut hoti rehti hai",app,22-08-2026 07:23,"Dwarka, Delhi",28.59611,77.04584,voice,4G,Samsung Galaxy S23,open,
T414527,Sneha Kumar,+91-9818715975,"Net nahi chal raha hai subah se, kaam ruk gaya hai please fix",chat,05-08-2026 03:59,"Connaught Place, Delhi",28.63737,77.21688,broadband,2G,iPhone 14,resolved,APN reset to default and cell congestion cleared after RF team added capacity; speeds normal.
T931219,Pooja Patel,+91-9824728084,5G not working on my new phone even though plan supports it,chat,02-08-2026 14:00,"Andheri, Mumbai",19.10671,72.8697,mobile data,3G,Samsung Galaxy S23,in_progress,
T266461,Riya Patel,+91-9860260797,"Internet not working since morning, router shows red light",chat,25-08-2026 11:33,"Raj Nagar, Ghaziabad",28.6953,77.44548,broadband,3G,,open,
T734155,Riya Verma,+91-9874916146,"Naya connection ke liye 2 hafte se wait kar raha hoon, koi response nahi",email,20-08-2026 10:46,"Raj Nagar, Ghaziabad",28.69478,77.43463,broadband,fiber,TP-Link Router,open,
T792702,Karan Verma,+91-9833648417,"4G speed ekdum slow ho gaya hai is week, barely 1 mbps",app,10-08-2026 14:44,"Bandra, Mumbai",19.06354,72.8336,mobile data,5G,,resolved,APN reset to default and cell congestion cleared after RF team added capacity; speeds normal.
T127329,Tanvi Das,+91-9853165014,My recharge of 599 not reflecting but money deducted from bank,social,03-08-2026 08:46,"Koramangala, Bangalore",12.92958,77.63242,mobile data,4G,Samsung Galaxy S23,resolved,Incorrect charge waived and adjusted in next invoice; goodwill credit of Rs 50 applied.
T648177,Aditya Reddy,+91-9898231132,"Technician never showed up for the scheduled visit, no call either",app,23-08-2026 14:45,"Whitefield, Bangalore",12.96389,77.75432,broadband,3G,OnePlus 11,open,
T601410,Rahul Joshi,+91-9839641883,"I was charged twice for my monthly plan, need refund immediately",email,27-07-2026 08:31,"Indirapuram, Ghaziabad",28.64695,77.37451,broadband,5G,JioFiber ONT,resolved,Incorrect charge waived and adjusted in next invoice; goodwill credit of Rs 50 applied.
T102303,Rahul Iyer,+91-9825303956,"Requested plan upgrade a week ago, still not activated",app,29-07-2026 02:51,"Whitefield, Bangalore",12.9764,77.75929,broadband,4G,TP-Link Router,resolved,Porting request re-submitted with corrected UPC code; number active on new plan.
T560623,Kavya Verma,+91-9833767033,"ONT box blinking red, replacement needed urgently",app,16-08-2026 04:37,"Dwarka, Delhi",28.59944,77.05375,broadband,5G,Xiaomi 13,in_progress,
T367541,Karan Das,+91-9886260745,"Mobile data extremely slow, pages take forever to load on 4G",call,25-08-2026 12:36,Gurgaon Sector 29,28.46932,77.01987,mobile data,2G,OnePlus 11,open,
T763416,Rohan Gupta,+91-9881752116,My router provided by company keeps restarting every hour,app,23-08-2026 01:53,Gurgaon Sector 29,28.45116,77.03071,broadband,fiber,OnePlus 11,resolved,"Overheating modem swapped; advised customer on ventilation, stable since."
T230524,Tanvi Verma,+91-9864866540,My router provided by company keeps restarting every hour,social,11-08-2026 09:57,"Bandra, Mumbai",19.05285,72.83476,broadband,4G,,open,
T184251,Pooja Reddy,+91-9888673120,My router provided by company keeps restarting every hour,email,21-08-2026 05:20,"Indirapuram, Ghaziabad",28.63532,77.37094,broadband,4G,TP-Link Router,in_progress,
T592571,Rohan Iyer,+91-9885604580,"Internet not working since morning, router shows red light",app,25-08-2026 11:06,"Raj Nagar, Ghaziabad",28.69282,77.43021,broadband,3G,TP-Link Router,open,
T777568,Nikhil Verma,+91-9876409428,"Autopay deducted twice this month, very frustrating experience",email,26-07-2026 22:02,Gurgaon Sector 29,28.46345,77.01702,broadband,4G,JioFiber ONT,open,
T612867,Ishaan Gupta,+91-9826154220,"Broadband has been down since 2 hours in my area, no connectivity at all",call,25-08-2026 11:13,"Raj Nagar, Ghaziabad",28.6909,77.43251,broadband,2G,,open,
T499162,Tanvi Sharma,+91-9850629111,"Broadband has been down since last night in my area, no connectivity at all",email,25-08-2026 10:50,"Raj Nagar, Ghaziabad",28.6902,77.42902,broadband,4G,JioFiber ONT,open,
T145939,Nikhil Gupta,+91-9881612882,"I was charged twice for my monthly plan, need refund immediately",chat,09-08-2026 19:37,"Whitefield, Bangalore",12.96816,77.75423,broadband,fiber,OnePlus 11,open,
T142420,Meera Reddy,+91-9855300876,"Net nahi chal raha hai subah se, kaam ruk gaya hai please fix",email,25-08-2026 13:33,"Raj Nagar, Ghaziabad",28.69579,77.43496,broadband,2G,iPhone 14,open,
T353580,Nikhil Patel,+91-9819691415,"Mobile data extremely slow, pages take forever to load on 4G",app,20-08-2026 19:00,Gurgaon Sector 29,28.466,77.02744,mobile data,2G,,resolved,APN reset to default and cell congestion cleared after RF team added capacity; speeds normal.
T721686,Kavya Verma,+91-9823782772,"Naya connection ke liye 2 hafte se wait kar raha hoon, koi response nahi",social,10-08-2026 11:41,"Koramangala, Bangalore",12.92772,77.62468,broadband,4G,Xiaomi 13,resolved,"Installation escalated to area field manager; completed next day, customer confirmed."
T687923,Ishaan Gupta,+91-9877196215,"Net nahi chal raha hai subah se, kaam ruk gaya hai please fix",call,01-08-2026 05:33,"Whitefield, Bangalore",12.96475,77.75059,broadband,4G,Xiaomi 13,in_progress,
T670873,Vivaan Verma,+91-9826739248,Need GST invoice for my corporate connection,email,13-08-2026 17:42,"Koramangala, Bangalore",12.94474,77.62766,other,3G,OnePlus 11,resolved,Shared family plan options and activated chosen 4-line plan on request.
T862847,Ananya Reddy,+91-9827976443,Need GST invoice for my corporate connection,email,25-08-2026 01:14,"Koramangala, Bangalore",12.93252,77.62251,other,fiber,TP-Link Router,open,
T565713,Sameer Patel,+91-9889704535,"Wifi keeps disconnecting every few minutes, work from home impossible",call,25-08-2026 10:49,"Raj Nagar, Ghaziabad",28.70134,77.43742,broadband,3G,JioFiber ONT,open,
T189870,Varun Verma,+91-9895420677,My router provided by company keeps restarting every hour,call,05-08-2026 08:46,"Andheri, Mumbai",19.10914,72.86654,broadband,fiber,iPhone 14,resolved,"Overheating modem swapped; advised customer on ventilation, stable since."
T590755,Riya Iyer,+91-9828012011,"SIM porting request pending since last week, when will it complete",chat,27-07-2026 05:40,"Bandra, Mumbai",19.06578,72.82611,voice,5G,JioFiber ONT,open,
T687997,Varun Sharma,+91-9859066128,Wrong late fee added even though I paid before the due date,chat,08-08-2026 18:50,"Andheri, Mumbai",19.12323,72.86447,broadband,2G,JioFiber ONT,resolved,Duplicate payment reversed to source account in 5 business days; customer confirmed receipt.
T476007,Aarav Iyer,+91-9844026103,"Wifi keeps disconnecting every few minutes, work from home impossible",app,25-08-2026 13:40,"Raj Nagar, Ghaziabad",28.70207,77.43327,broadband,5G,,open,
T590891,Vivaan Gupta,+91-9811762024,"Requested plan upgrade a week ago, still not activated",chat,22-08-2026 00:05,"Indirapuram, Ghaziabad",28.64175,77.36921,broadband,fiber,,open,
T517368,Meera Verma,+91-9887030477,My recharge of 599 not reflecting but money deducted from bank,app,08-08-2026 12:58,"Bandra, Mumbai",19.05459,72.82177,mobile data,3G,Xiaomi 13,resolved,Payment reconciliation job re-run with the transaction ID; recharge credited same day.
T896456,Aditya Gupta,+91-9831165928,My recharge of 599 not reflecting but money deducted from bank,call,18-08-2026 08:52,"Whitefield, Bangalore",12.96691,77.74308,mobile data,fiber,,resolved,Payment reconciliation job re-run with the transaction ID; recharge credited same day.
T797312,Arjun Sharma,+91-9862800378,Company ka diya hua modem baar baar hang ho raha hai,email,25-08-2026 14:15,"Salt Lake, Kolkata",22.59291,88.41428,broadband,fiber,OnePlus 11,open,
T262230,Riya Das,+91-9886593789,"SIM porting request pending since last week, when will it complete",call,12-08-2026 20:44,"Salt Lake, Kolkata",22.58591,88.41022,voice,4G,OnePlus 11,in_progress,
T548413,Rahul Reddy,+91-9829856967,"Set top box remote not working, need replacement",email,22-08-2026 20:56,"Koramangala, Bangalore",12.93266,77.62019,other,4G,OnePlus 11,open,
T415734,Priya Patel,+91-9898499057,"Internet not working since morning, router shows red light",email,25-08-2026 14:02,"Raj Nagar, Ghaziabad",28.69597,77.4387,broadband,fiber,OnePlus 11,open,
T988272,Pooja Reddy,+91-9841557954,Company ka diya hua modem baar baar hang ho raha hai,app,25-08-2026 10:35,"Andheri, Mumbai",19.10781,72.86893,broadband,3G,Samsung Galaxy S23,open,
T819335,Ishaan Joshi,+91-9827601200,Wrong late fee added even though I paid before the due date,call,12-08-2026 16:44,"Andheri, Mumbai",19.11802,72.87578,broadband,fiber,Xiaomi 13,in_progress,
T455081,Tanvi Verma,+91-9832645646,International roaming pack charged but never activated,social,07-08-2026 10:55,"Connaught Place, Delhi",28.63838,77.21479,voice,3G,,resolved,Incorrect charge waived and adjusted in next invoice; goodwill credit of Rs 50 applied.
T696431,Kavya Kumar,+91-9815873085,"Internet not working since morning, router shows red light",chat,25-08-2026 11:52,"Raj Nagar, Ghaziabad",28.68943,77.44731,broadband,3G,OnePlus 11,open,
T412942,Ishaan Das,+91-9824282218,New connection installation pending for 10 days despite payment,chat,13-08-2026 10:28,"Salt Lake, Kolkata",22.58418,88.41033,broadband,fiber,Samsung Galaxy S23,open,
T233534,Tanvi Patel,+91-9860785855,"4G speed ekdum slow ho gaya hai is week, barely 1 mbps",call,09-08-2026 04:25,"Whitefield, Bangalore",12.97878,77.75897,mobile data,5G,,resolved,APN reset to default and cell congestion cleared after RF team added capacity; speeds normal.
T966985,Ananya Joshi,+91-9832432603,"ONT box blinking red, replacement needed urgently",app,17-08-2026 02:00,"T Nagar, Chennai",13.04551,80.23787,broadband,2G,TP-Link Router,resolved,"Overheating modem swapped; advised customer on ventilation, stable since."
T607417,Vivaan Verma,+91-9856011239,"Technician never showed up for the scheduled visit, no call either",chat,27-07-2026 16:42,"Whitefield, Bangalore",12.97023,77.74509,broadband,2G,iPhone 14,in_progress,
T129576,Tanvi Kumar,+91-9858155056,"4G speed ekdum slow ho gaya hai is week, barely 1 mbps",social,17-08-2026 09:49,"Connaught Place, Delhi",28.63277,77.21796,mobile data,3G,,in_progress,
T969752,Sameer Sharma,+91-9891737913,"Technician never showed up for the scheduled visit, no call either",call,28-07-2026 03:04,"Koramangala, Bangalore",12.92881,77.62855,broadband,4G,OnePlus 11,in_progress,
T624548,Diya Gupta,+91-9825023307,International roaming pack charged but never activated,social,21-08-2026 07:31,"T Nagar, Chennai",13.04508,80.23571,voice,fiber,OnePlus 11,open,
T953025,Tanvi Kumar,+91-9827905932,"Wifi keeps disconnecting every few minutes, work from home impossible",email,27-07-2026 19:56,"T Nagar, Chennai",13.05142,80.23367,broadband,3G,,resolved,APN reset to default and cell congestion cleared after RF team added capacity; speeds normal.
T324993,Ananya Singh,+91-9844935501,"SIM porting request pending since last week, when will it complete",email,07-08-2026 19:28,"Koramangala, Bangalore",12.9292,77.61721,voice,2G,Xiaomi 13,open,
T468292,Karan Patel,+91-9865568711,5G not working on my new phone even though plan supports it,call,05-08-2026 11:30,"Andheri, Mumbai",19.12018,72.87547,mobile data,fiber,JioFiber ONT,resolved,SIM replaced at store; 5G registering correctly on the handset now.
T849937,Aarav Patel,+91-9823726915,"SIM porting request pending since last week, when will it complete",call,23-08-2026 03:57,"Connaught Place, Delhi",28.62616,77.20971,voice,5G,iPhone 14,resolved,Porting request re-submitted with corrected UPC code; number active on new plan.
T418635,Tanvi Singh,+91-9864502486,"Technician never showed up for the scheduled visit, no call either",chat,17-08-2026 12:04,"Salt Lake, Kolkata",22.5853,88.4187,broadband,4G,Xiaomi 13,resolved,"Installation escalated to area field manager; completed next day, customer confirmed."
T454375,Pooja Patel,+91-9860101289,"Requested plan upgrade a week ago, still not activated",social,06-08-2026 04:26,"Raj Nagar, Ghaziabad",28.69962,77.44546,broadband,4G,OnePlus 11,in_progress,
T999428,Ishaan Singh,+91-9851275542,"Mobile data extremely slow, pages take forever to load on 4G",email,18-08-2026 17:04,"Raj Nagar, Ghaziabad",28.6844,77.43319,mobile data,fiber,,resolved,VoLTE re-provisioned on the SIM and phone rebooted; call drops stopped.
T708512,Diya Joshi,+91-9850586096,"ONT box blinking red, replacement needed urgently",chat,21-08-2026 09:34,"Andheri, Mumbai",19.11602,72.8777,broadband,4G,Samsung Galaxy S23,open,
T416960,Pooja Patel,+91-9860562450,"Mobile data extremely slow, pages take forever to load on 4G",chat,22-08-2026 20:03,Gurgaon Sector 29,28.4563,77.03026,mobile data,5G,iPhone 14,resolved,Node rebooted at local exchange; connectivity restored and confirmed with customer.
T356600,Meera Verma,+91-9890693921,"Autopay deducted twice this month, very frustrating experience",social,04-08-2026 18:33,"Bandra, Mumbai",19.06217,72.8359,broadband,3G,Samsung Galaxy S23,open,
T389666,Rahul Kumar,+91-9862482651,No signal inside my house since yesterday evening,chat,17-08-2026 11:04,"Koramangala, Bangalore",12.92602,77.6249,voice,4G,,open,
T297831,Sneha Gupta,+91-9874476742,"Mobile data extremely slow, pages take forever to load on 4G",email,23-08-2026 20:17,Gurgaon Sector 29,28.45907,77.01858,mobile data,5G,TP-Link Router,resolved,VoLTE re-provisioned on the SIM and phone rebooted; call drops stopped.
T904126,Tanvi Singh,+91-9833974297,"Wifi keeps disconnecting every few minutes, work from home impossible",social,15-08-2026 19:21,"Dwarka, Delhi",28.59027,77.05103,broadband,5G,TP-Link Router,open,
T483629,Kavya Patel,+91-9882398083,"Call quality bahut kharab hai, awaaz cut hoti rehti hai",chat,06-08-2026 12:19,Noida Sector 62,28.62214,77.37139,voice,5G,,open,
T997004,Rahul Gupta,+91-9869509870,Company ka diya hua modem baar baar hang ho raha hai,call,23-08-2026 22:25,Gurgaon Sector 29,28.46912,77.02395,broadband,4G,Samsung Galaxy S23,resolved,Set top box remote replaced free of cost; paired and verified working.
T879233,Ishaan Singh,+91-9822339511,"Autopay deducted twice this month, very frustrating experience",email,15-08-2026 01:52,Gurgaon Sector 29,28.46188,77.02098,broadband,3G,,resolved,Incorrect charge waived and adjusted in next invoice; goodwill credit of Rs 50 applied.
T871523,Priya Singh,+91-9887531025,"Requested plan upgrade a week ago, still not activated",call,31-07-2026 04:03,"Koramangala, Bangalore",12.94016,77.62343,broadband,3G,Samsung Galaxy S23,resolved,Technician visit rescheduled with slot confirmation; work completed on second visit.
T405202,Diya Patel,+91-9873018412,"ONT box blinking red, replacement needed urgently",call,31-07-2026 19:05,"Whitefield, Bangalore",12.97015,77.75315,broadband,3G,Samsung Galaxy S23,resolved,"Overheating modem swapped; advised customer on ventilation, stable since."
T756361,Varun Singh,+91-9853571790,"Autopay deducted twice this month, very frustrating experience",app,19-08-2026 08:13,"Salt Lake, Kolkata",22.58109,88.4264,broadband,3G,OnePlus 11,in_progress,
T984392,Aarav Iyer,+91-9819312412,"Wifi keeps disconnecting every few minutes, work from home impossible",social,25-08-2026 10:33,"Raj Nagar, Ghaziabad",28.69317,77.43944,broadband,3G,TP-Link Router,open,
T248724,Sameer Singh,+91-9823766187,"Wifi keeps disconnecting every few minutes, work from home impossible",chat,23-08-2026 09:31,"Raj Nagar, Ghaziabad",28.68308,77.43684,broadband,3G,OnePlus 11,resolved,"Fiber patch re-spliced at the junction box; link stable for 24 hours, ticket closed."
T425387,Nikhil Patel,+91-9891028510,"Autopay deducted twice this month, very frustrating experience",social,11-08-2026 07:49,"Dwarka, Delhi",28.59644,77.04518,broadband,3G,Samsung Galaxy S23,open,
T818798,Aarav Verma,+91-9811605433,"Set top box remote not working, need replacement",app,24-08-2026 22:36,"Koramangala, Bangalore",12.92959,77.62017,other,3G,Samsung Galaxy S23,resolved,Faulty router replaced under warranty; new unit delivered and activated in 2 days.
T308267,Pooja Joshi,+91-9820191870,"Internet not working since morning, router shows red light",call,25-08-2026 11:23,"Raj Nagar, Ghaziabad",28.69683,77.44659,broadband,5G,,open,
T735242,Arjun Sharma,+91-9896623797,Want to know about family plan options and pricing,call,08-08-2026 16:29,"Bandra, Mumbai",19.06341,72.83528,other,3G,OnePlus 11,in_progress,
T212157,Ananya Sharma,+91-9832032560,Company ka diya hua modem baar baar hang ho raha hai,social,08-08-2026 09:46,"Koramangala, Bangalore",12.92912,77.61691,broadband,5G,iPhone 14,resolved,SIM replaced at store; 5G registering correctly on the handset now.
T790130,Sameer Singh,+91-9892243262,Want to know about family plan options and pricing,email,14-08-2026 17:33,"Connaught Place, Delhi",28.62442,77.20713,other,3G,,open,
T316174,Arjun Reddy,+91-9873889312,"Naya connection ke liye 2 hafte se wait kar raha hoon, koi response nahi",app,26-07-2026 18:16,"Indirapuram, Ghaziabad",28.64246,77.37064,broadband,3G,TP-Link Router,open,
T730889,Ishaan Iyer,+91-9815095407,"I was charged twice for my monthly plan, need refund immediately",call,31-07-2026 18:01,"Bandra, Mumbai",19.06013,72.81951,broadband,fiber,iPhone 14,resolved,Incorrect charge waived and adjusted in next invoice; goodwill credit of Rs 50 applied.
T233289,Sameer Iyer,+91-9836949332,"Broadband has been down since morning in my area, no connectivity at all",email,25-08-2026 14:26,"Raj Nagar, Ghaziabad",28.69218,77.43053,broadband,2G,,open,
T365852,Nikhil Kumar,+91-9883244637,Wrong late fee added even though I paid before the due date,email,10-08-2026 03:31,Gurgaon Sector 29,28.44977,77.02365,broadband,4G,TP-Link Router,resolved,Late fee reversed after payment date verification; autopay mandate corrected.
T606390,Vivaan Das,+91-9868090825,5G not working on my new phone even though plan supports it,social,01-08-2026 06:52,"Raj Nagar, Ghaziabad",28.68607,77.4446,mobile data,2G,Xiaomi 13,open,
T593161,Tanvi Verma,+91-9894669760,"Call quality bahut kharab hai, awaaz cut hoti rehti hai",chat,25-08-2026 14:43,"Bandra, Mumbai",19.05299,72.83865,voice,fiber,iPhone 14,open,
T166874,Rahul Iyer,+91-9829848134,"Broadband has been down since 2 hours in my area, no connectivity at all",call,25-08-2026 11:23,"Raj Nagar, Ghaziabad",28.70169,77.43382,broadband,4G,JioFiber ONT,open,
T205656,Arjun Iyer,+91-9847602351,"Mobile data extremely slow, pages take forever to load on 4G",chat,10-08-2026 18:51,"Raj Nagar, Ghaziabad",28.68765,77.43813,mobile data,4G,OnePlus 11,in_progress,
T530670,Kavya Verma,+91-9881014138,"Requested plan upgrade a week ago, still not activated",social,05-08-2026 19:36,"Indirapuram, Ghaziabad",28.63214,77.37779,broadband,4G,iPhone 14,resolved,Porting request re-submitted with corrected UPC code; number active on new plan.
T880788,Aditya Verma,+91-9821964091,"I was charged twice for my monthly plan, need refund immediately",social,20-08-2026 03:48,Gurgaon Sector 29,28.45685,77.03367,broadband,5G,TP-Link Router,resolved,Incorrect charge waived and adjusted in next invoice; goodwill credit of Rs 50 applied.
T223047,Ananya Kumar,+91-9873602527,"Internet not working since morning, router shows red light",social,17-08-2026 18:25,"Andheri, Mumbai",19.11228,72.86267,broadband,5G,iPhone 14,resolved,Node rebooted at local exchange; connectivity restored and confirmed with customer.
T628040,Ananya Kumar,+91-9864665076,Company ka diya hua modem baar baar hang ho raha hai,social,19-08-2026 12:41,Noida Sector 62,28.63315,77.3579,broadband,fiber,,open,
T399102,Ishaan Joshi,+91-9831580852,Wrong late fee added even though I paid before the due date,chat,12-08-2026 11:32,Noida Sector 62,28.63379,77.36876,broadband,3G,iPhone 14,open,
T599028,Nikhil Das,+91-9882396020,"Set top box remote not working, need replacement",social,30-07-2026 12:49,"Indirapuram, Ghaziabad",28.63311,77.36767,other,fiber,Xiaomi 13,open,
T660086,Priya Verma,+91-9891756179,"Set top box remote not working, need replacement",chat,15-08-2026 21:19,Noida Sector 62,28.62625,77.3603,other,fiber,iPhone 14,open,
T416061,Rohan Reddy,+91-9890440034,"Internet not working since morning, router shows red light",chat,11-08-2026 09:17,"T Nagar, Chennai",13.04708,80.22989,broadband,2G,Samsung Galaxy S23,resolved,VoLTE re-provisioned on the SIM and phone rebooted; call drops stopped.
T866964,Tanvi Iyer,+91-9818493813,"Broadband has been down since last night in my area, no connectivity at all",chat,25-08-2026 13:51,"Raj Nagar, Ghaziabad",28.6839,77.44186,broadband,2G,Samsung Galaxy S23,open,
T384076,Rahul Reddy,+91-9883871890,New connection installation pending for 10 days despite payment,app,31-07-2026 05:37,"Bandra, Mumbai",19.05421,72.83393,broadband,4G,Samsung Galaxy S23,resolved,Technician visit rescheduled with slot confirmation; work completed on second visit.
T335745,Meera Joshi,+91-9895209019,No signal inside my house since yesterday evening,app,12-08-2026 22:02,"Connaught Place, Delhi",28.62592,77.21893,voice,fiber,,resolved,VoLTE re-provisioned on the SIM and phone rebooted; call drops stopped.
T229287,Vivaan Das,+91-9888600742,"4G speed ekdum slow ho gaya hai is week, barely 1 mbps",email,25-08-2026 13:44,Gurgaon Sector 29,28.45817,77.02688,mobile data,fiber,JioFiber ONT,open,
T619020,Nikhil Gupta,+91-9888622613,"Broadband has been down since last night in my area, no connectivity at all",social,25-08-2026 16:03,"Raj Nagar, Ghaziabad",28.69128,77.43362,broadband,5G,TP-Link Router,open,
T213609,Rahul Singh,+91-9888458327,Wrong late fee added even though I paid before the due date,email,19-08-2026 19:10,"Koramangala, Bangalore",12.9257,77.63218,broadband,fiber,OnePlus 11,resolved,Payment reconciliation job re-run with the transaction ID; recharge credited same day.
T131000,Arjun Kumar,+91-9870599194,"I was charged twice for my monthly plan, need refund immediately",social,08-08-2026 14:54,"Koramangala, Bangalore",12.9369,77.62699,broadband,fiber,Xiaomi 13,open,
T269316,Meera Kumar,+91-9832779115,"Wifi keeps disconnecting every few minutes, work from home impossible",app,02-08-2026 17:13,"Indirapuram, Ghaziabad",28.64353,77.36947,broadband,2G,iPhone 14,in_progress,
T927942,Vivaan Joshi,+91-9888829544,"4G speed ekdum slow ho gaya hai is week, barely 1 mbps",app,27-07-2026 11:19,"Andheri, Mumbai",19.10854,72.87229,mobile data,4G,,resolved,APN reset to default and cell congestion cleared after RF team added capacity; speeds normal.
T772875,Ananya Iyer,+91-9822304198,"Mobile data extremely slow, pages take forever to load on 4G",call,12-08-2026 20:49,"Andheri, Mumbai",19.11934,72.86457,mobile data,3G,,open,
T557351,Rahul Singh,+91-9870742222,"Internet not working since morning, router shows red light",social,25-08-2026 13:38,"Raj Nagar, Ghaziabad",28.68625,77.4447,broadband,fiber,iPhone 14,open,
T479205,Ananya Patel,+91-9894547252,New connection installation pending for 10 days despite payment,app,23-08-2026 12:19,"Koramangala, Bangalore",12.93936,77.62974,broadband,5G,JioFiber ONT,resolved,Porting request re-submitted with corrected UPC code; number active on new plan.
T667776,Nikhil Joshi,+91-9810889014,"Net nahi chal raha hai subah se, kaam ruk gaya hai please fix",email,19-08-2026 23:13,"Indirapuram, Ghaziabad",28.63942,77.36871,broadband,fiber,,open,
T386886,Sneha Das,+91-9861628545,"Technician never showed up for the scheduled visit, no call either",app,29-07-2026 02:12,"T Nagar, Chennai",13.05121,80.23316,broadband,3G,iPhone 14,resolved,Porting request re-submitted with corrected UPC code; number active on new plan.
T906066,Kavya Singh,+91-9853106399,"Requested plan upgrade a week ago, still not activated",social,03-08-2026 18:34,"T Nagar, Chennai",13.03644,80.23887,broadband,2G,iPhone 14,resolved,"Installation escalated to area field manager; completed next day, customer confirmed."
T950297,Rahul Sharma,+91-9874481336,"Broadband has been down since morning in my area, no connectivity at all",social,25-08-2026 12:43,"Raj Nagar, Ghaziabad",28.68442,77.4414,broadband,fiber,TP-Link Router,open,
T423466,Kavya Patel,+91-9837668202,"Internet not working since morning, router shows red light",call,25-08-2026 11:14,"Raj Nagar, Ghaziabad",28.68312,77.44034,broadband,2G,,open,
T119011,Arjun Gupta,+91-9838109613,"Requested plan upgrade a week ago, still not activated",app,06-08-2026 11:48,"Indirapuram, Ghaziabad",28.63914,77.36557,broadband,fiber,Samsung Galaxy S23,open,
T460934,Riya Das,+91-9864471544,My recharge of 599 not reflecting but money deducted from bank,social,13-08-2026 14:48,"Raj Nagar, Ghaziabad",28.69965,77.43459,mobile data,4G,Xiaomi 13,resolved,Incorrect charge waived and adjusted in next invoice; goodwill credit of Rs 50 applied.
T506272,Ishaan Verma,+91-9815591522,"Internet not working since morning, router shows red light",chat,25-08-2026 12:42,"Raj Nagar, Ghaziabad",28.6866,77.4397,broadband,4G,,open,
T684357,Meera Sharma,+91-9885482164,"App login not working, OTP never arrives",email,18-08-2026 20:29,"Salt Lake, Kolkata",22.58156,88.41117,other,2G,Xiaomi 13,resolved,Shared family plan options and activated chosen 4-line plan on request.
T419491,Tanvi Joshi,+91-9862892750,"Broadband has been down since last night in my area, no connectivity at all",app,23-08-2026 12:32,"Indirapuram, Ghaziabad",28.63623,77.38051,broadband,fiber,iPhone 14,resolved,Node rebooted at local exchange; connectivity restored and confirmed with customer.
T254804,Meera Kumar,+91-9849251912,"Net nahi chal raha hai subah se, kaam ruk gaya hai please fix",social,25-08-2026 12:44,"Raj Nagar, Ghaziabad",28.69076,77.44753,broadband,2G,TP-Link Router,open,
T861800,Aarav Das,+91-9889524487,"Broadband has been down since yesterday in my area, no connectivity at all",social,18-08-2026 03:22,"T Nagar, Chennai",13.03401,80.2253,broadband,4G,OnePlus 11,resolved,APN reset to default and cell congestion cleared after RF team added capacity; speeds normal.
T258975,Priya Kumar,+91-9865701512,"Net nahi chal raha hai subah se, kaam ruk gaya hai please fix",chat,17-08-2026 15:06,"Koramangala, Bangalore",12.92796,77.62308,broadband,5G,Xiaomi 13,resolved,VoLTE re-provisioned on the SIM and phone rebooted; call drops stopped.
T389635,Rahul Verma,+91-9840374151,"Internet not working since morning, router shows red light",email,25-08-2026 14:30,"Raj Nagar, Ghaziabad",28.68507,77.44309,broadband,3G,iPhone 14,open,
T911102,Pooja Verma,+91-9872423883,"Internet not working since morning, router shows red light",app,01-08-2026 22:48,"Dwarka, Delhi",28.58383,77.04513,broadband,4G,iPhone 14,open,
T694438,Kavya Joshi,+91-9891453658,"4G speed ekdum slow ho gaya hai is week, barely 1 mbps",call,07-08-2026 18:46,"Salt Lake, Kolkata",22.59279,88.40995,mobile data,4G,TP-Link Router,resolved,VoLTE re-provisioned on the SIM and phone rebooted; call drops stopped.
T853754,Arjun Patel,+91-9839386305,"Mobile data extremely slow, pages take forever to load on 4G",app,16-08-2026 08:40,"Raj Nagar, Ghaziabad",28.69955,77.43322,mobile data,3G,Samsung Galaxy S23,open,
T986304,Aditya Singh,+91-9864561490,"I was charged twice for my monthly plan, need refund immediately",call,15-08-2026 00:17,"Koramangala, Bangalore",12.92673,77.6193,broadband,2G,iPhone 14,open,
T909652,Sneha Verma,+91-9865629268,Company ka diya hua modem baar baar hang ho raha hai,email,16-08-2026 18:00,"Bandra, Mumbai",19.06277,72.83862,broadband,3G,Xiaomi 13,resolved,Faulty router replaced under warranty; new unit delivered and activated in 2 days.
T197573,Nikhil Iyer,+91-9870152969,Company ka diya hua modem baar baar hang ho raha hai,chat,14-08-2026 11:40,"Koramangala, Bangalore",12.93329,77.61937,broadband,fiber,OnePlus 11,open,
T681478,Priya Sharma,+91-9896057593,Need GST invoice for my corporate connection,social,19-08-2026 02:59,"Whitefield, Bangalore",12.97682,77.7457,other,3G,OnePlus 11,resolved,Shared family plan options and activated chosen 4-line plan on request.
T862008,Nikhil Verma,+91-9825188619,Wrong late fee added even though I paid before the due date,chat,07-08-2026 15:31,"Connaught Place, Delhi",28.62331,77.2266,broadband,3G,,open,
T132548,Vivaan Iyer,+91-9852900260,"4G speed ekdum slow ho gaya hai is week, barely 1 mbps",email,21-08-2026 19:10,Gurgaon Sector 29,28.46672,77.02428,mobile data,fiber,,resolved,APN reset to default and cell congestion cleared after RF team added capacity; speeds normal.
T669810,Nikhil Iyer,+91-9894560859,"Set top box remote not working, need replacement",app,12-08-2026 03:05,"Dwarka, Delhi",28.58403,77.03825,other,4G,Xiaomi 13,resolved,"Overheating modem swapped; advised customer on ventilation, stable since."
T221707,Aarav Iyer,+91-9824032377,My recharge of 599 not reflecting but money deducted from bank,app,18-08-2026 13:30,"Koramangala, Bangalore",12.93144,77.62361,mobile data,3G,TP-Link Router,resolved,Duplicate payment reversed to source account in 5 business days; customer confirmed receipt.
T383894,Priya Reddy,+91-9890712387,"Broadband has been down since yesterday in my area, no connectivity at all",chat,25-08-2026 12:16,"Raj Nagar, Ghaziabad",28.68917,77.43797,broadband,4G,JioFiber ONT,open,
T145903,Karan Kumar,+91-9824826245,Bill me extra charges laga diye hain jo maine use nahi kiya,chat,12-08-2026 12:54,"Whitefield, Bangalore",12.97727,77.74404,mobile data,5G,iPhone 14,resolved,Duplicate payment reversed to source account in 5 business days; customer confirmed receipt.
T262656,Sameer Reddy,+91-9840824989,"Autopay deducted twice this month, very frustrating experience",chat,31-07-2026 15:29,"T Nagar, Chennai",13.05055,80.2386,broadband,2G,Samsung Galaxy S23,resolved,Payment reconciliation job re-run with the transaction ID; recharge credited same day.
T834406,Kavya Joshi,+91-9819801857,5G not working on my new phone even though plan supports it,social,25-08-2026 06:52,Gurgaon Sector 29,28.46938,77.03529,mobile data,2G,Xiaomi 13,resolved,"Overheating modem swapped; advised customer on ventilation, stable since."
T474426,Rohan Verma,+91-9858360919,"Internet not working since morning, router shows red light",call,25-08-2026 15:17,"Raj Nagar, Ghaziabad",28.69085,77.44332,broadband,5G,Xiaomi 13,open,
T580067,Varun Patel,+91-9865707438,International roaming pack charged but never activated,chat,11-08-2026 21:16,"Salt Lake, Kolkata",22.59067,88.40901,voice,2G,iPhone 14,resolved,Late fee reversed after payment date verification; autopay mandate corrected.
T317146,Aarav Sharma,+91-9849699466,"Mobile data extremely slow, pages take forever to load on 4G",call,20-08-2026 19:48,Gurgaon Sector 29,28.45084,77.02565,mobile data,2G,Xiaomi 13,resolved,Node rebooted at local exchange; connectivity restored and confirmed with customer.
T807053,Sneha Joshi,+91-9843603811,5G not working on my new phone even though plan supports it,app,05-08-2026 18:16,"Raj Nagar, Ghaziabad",28.69412,77.44356,mobile data,3G,Xiaomi 13,resolved,Set top box remote replaced free of cost; paired and verified working.
T782054,Meera Patel,+91-9868450095,Want to know about family plan options and pricing,social,27-07-2026 11:56,Noida Sector 62,28.63316,77.36566,other,5G,Xiaomi 13,resolved,GST invoice generated and emailed; billing profile updated with GSTIN.
T866773,Vivaan Gupta,+91-9843553891,Company ka diya hua modem baar baar hang ho raha hai,email,25-08-2026 15:02,Noida Sector 62,28.61966,77.35926,broadband,2G,TP-Link Router,open,
T356150,Priya Patel,+91-9856843172,New connection installation pending for 10 days despite payment,app,15-08-2026 17:20,"Koramangala, Bangalore",12.92835,77.63117,broadband,4G,TP-Link Router,open,
T535673,Diya Iyer,+91-9849172995,"Wifi keeps disconnecting every few minutes, work from home impossible",email,04-08-2026 10:08,"Indirapuram, Ghaziabad",28.63687,77.37343,broadband,5G,iPhone 14,resolved,APN reset to default and cell congestion cleared after RF team added capacity; speeds normal.
T833723,Tanvi Singh,+91-9868942178,5G not working on my new phone even though plan supports it,app,29-07-2026 08:13,Gurgaon Sector 29,28.45951,77.02648,mobile data,2G,TP-Link Router,resolved,"Overheating modem swapped; advised customer on ventilation, stable since."
T814982,Nikhil Kumar,+91-9891117376,"Requested plan upgrade a week ago, still not activated",app,13-08-2026 07:48,"Koramangala, Bangalore",12.94154,77.63332,broadband,5G,Xiaomi 13,resolved,Plan upgrade applied manually and prorated; confirmation SMS sent.
T844756,Nikhil Kumar,+91-9872825287,New connection installation pending for 10 days despite payment,chat,17-08-2026 16:37,Gurgaon Sector 29,28.45471,77.02287,broadband,3G,Xiaomi 13,resolved,Plan upgrade applied manually and prorated; confirmation SMS sent.
T461792,Riya Reddy,+91-9857365168,"4G speed ekdum slow ho gaya hai is week, barely 1 mbps",email,08-08-2026 07:06,Gurgaon Sector 29,28.46724,77.01673,mobile data,3G,Xiaomi 13,open,
T635591,Ananya Iyer,+91-9855302488,"Call quality bahut kharab hai, awaaz cut hoti rehti hai",email,25-08-2026 13:51,"Connaught Place, Delhi",28.63486,77.21227,voice,2G,OnePlus 11,resolved,"Fiber patch re-spliced at the junction box; link stable for 24 hours, ticket closed."
T582559,Pooja Joshi,+91-9843130320,"Net nahi chal raha hai subah se, kaam ruk gaya hai please fix",social,05-08-2026 03:18,"Connaught Place, Delhi",28.62228,77.20852,broadband,5G,OnePlus 11,resolved,"Fiber patch re-spliced at the junction box; link stable for 24 hours, ticket closed."
T257131,Sameer Das,+91-9837133023,Want to know about family plan options and pricing,app,22-08-2026 14:42,"Indirapuram, Ghaziabad",28.64909,77.37124,other,3G,JioFiber ONT,open,
T587529,Vivaan Kumar,+91-9864993351,"Internet not working since morning, router shows red light",app,25-08-2026 11:09,"Raj Nagar, Ghaziabad",28.70107,77.44523,broadband,5G,Xiaomi 13,open,
T289365,Rohan Sharma,+91-9820282645,Need GST invoice for my corporate connection,call,24-08-2026 17:53,"Raj Nagar, Ghaziabad",28.68888,77.44035,other,3G,OnePlus 11,resolved,Shared family plan options and activated chosen 4-line plan on request.
T140804,Varun Das,+91-9863873262,"Mobile data extremely slow, pages take forever to load on 4G",app,18-08-2026 20:35,Noida Sector 62,28.63308,77.36529,mobile data,3G,TP-Link Router,resolved,Node rebooted at local exchange; connectivity restored and confirmed with customer.
T891802,Rohan Sharma,+91-9814841900,"SIM porting request pending since last week, when will it complete",social,15-08-2026 14:39,"Andheri, Mumbai",19.11156,72.8694,voice,3G,OnePlus 11,open,
T118632,Sneha Verma,+91-9876756320,Wrong late fee added even though I paid before the due date,email,02-08-2026 17:43,"Indirapuram, Ghaziabad",28.64025,77.37354,broadband,2G,,open,
T643810,Ishaan Joshi,+91-9847034120,International roaming pack charged but never activated,app,16-08-2026 19:14,Gurgaon Sector 29,28.46312,77.02953,voice,2G,iPhone 14,resolved,Late fee reversed after payment date verification; autopay mandate corrected.
T954814,Riya Patel,+91-9842342289,"Wifi keeps disconnecting every few minutes, work from home impossible",app,20-08-2026 13:16,"Connaught Place, Delhi",28.6374,77.20828,broadband,5G,Xiaomi 13,resolved,APN reset to default and cell congestion cleared after RF team added capacity; speeds normal.
T215027,Rahul Das,+91-9817130627,"Internet not working since morning, router shows red light",call,12-08-2026 00:50,"Connaught Place, Delhi",28.6262,77.22074,broadband,5G,JioFiber ONT,resolved,APN reset to default and cell congestion cleared after RF team added capacity; speeds normal.
T114760,Aarav Sharma,+91-9881643088,International roaming pack charged but never activated,social,03-08-2026 16:43,"Andheri, Mumbai",19.10741,72.87323,voice,3G,iPhone 14,resolved,Payment reconciliation job re-run with the transaction ID; recharge credited same day.
T586097,Varun Sharma,+91-9879386491,"I was charged twice for my monthly plan, need refund immediately",call,06-08-2026 04:43,"Connaught Place, Delhi",28.63595,77.20896,broadband,fiber,JioFiber ONT,in_progress,
T807304,Priya Gupta,+91-9888433683,"Internet not working since morning, router shows red light",social,25-08-2026 12:31,"Raj Nagar, Ghaziabad",28.69176,77.44161,broadband,fiber,OnePlus 11,open,
T343974,Ishaan Patel,+91-9892939751,"4G speed ekdum slow ho gaya hai is week, barely 1 mbps",call,19-08-2026 15:12,"Bandra, Mumbai",19.05329,72.82963,mobile data,5G,TP-Link Router,open,
T369705,Arjun Patel,+91-9862137114,"Internet not working since morning, router shows red light",call,25-08-2026 14:15,"Raj Nagar, Ghaziabad",28.6974,77.43693,broadband,4G,iPhone 14,open,
T599687,Ishaan Sharma,+91-9838919534,Company ka diya hua modem baar baar hang ho raha hai,email,20-08-2026 22:03,"Andheri, Mumbai",19.11849,72.8649,broadband,4G,TP-Link Router,open,
T389913,Arjun Singh,+91-9824509544,"Technician never showed up for the scheduled visit, no call either",app,29-07-2026 09:36,"T Nagar, Chennai",13.03702,80.23832,broadband,4G,iPhone 14,resolved,Plan upgrade applied manually and prorated; confirmation SMS sent.
T618239,Diya Gupta,+91-9879627150,"Net nahi chal raha hai subah se, kaam ruk gaya hai please fix",email,25-08-2026 12:05,"Raj Nagar, Ghaziabad",28.69241,77.44744,broadband,3G,OnePlus 11,open,
T420704,Diya Das,+91-9833581963,"SIM porting request pending since last week, when will it complete",app,29-07-2026 08:04,Gurgaon Sector 29,28.457,77.02872,voice,2G,OnePlus 11,resolved,Technician visit rescheduled with slot confirmation; work completed on second visit.
T917241,Vivaan Sharma,+91-9833738978,Wrong late fee added even though I paid before the due date,chat,05-08-2026 06:46,"Andheri, Mumbai",19.11343,72.86239,broadband,5G,Xiaomi 13,open,
T342034,Meera Verma,+91-9826400072,Frequent call drops when talking for more than 2 minutes,call,12-08-2026 17:32,"Koramangala, Bangalore",12.92719,77.61556,voice,2G,Xiaomi 13,resolved,"Fiber patch re-spliced at the junction box; link stable for 24 hours, ticket closed."
T442027,Arjun Das,+91-9851511484,5G not working on my new phone even though plan supports it,social,19-08-2026 18:02,Noida Sector 62,28.62809,77.35874,mobile data,5G,JioFiber ONT,open,
T796117,Priya Gupta,+91-9825214980,"Wifi keeps disconnecting every few minutes, work from home impossible",email,25-08-2026 14:48,"Raj Nagar, Ghaziabad",28.68454,77.42909,broadband,5G,Xiaomi 13,open,
T742794,Kavya Joshi,+91-9895955870,"Wifi keeps disconnecting every few minutes, work from home impossible",call,25-08-2026 14:25,"Raj Nagar, Ghaziabad",28.70104,77.43242,broadband,2G,OnePlus 11,open,
T465254,Nikhil Reddy,+91-9892220752,"Technician never showed up for the scheduled visit, no call either",email,14-08-2026 19:03,"Bandra, Mumbai",19.06934,72.83664,broadband,2G,JioFiber ONT,open,
T867051,Riya Singh,+91-9841428626,Frequent call drops when talking for more than 2 minutes,social,22-08-2026 20:30,"Dwarka, Delhi",28.59406,77.04945,voice,4G,iPhone 14,open,
T662361,Nikhil Kumar,+91-9891170992,"Net nahi chal raha hai subah se, kaam ruk gaya hai please fix",chat,25-08-2026 13:50,"Raj Nagar, Ghaziabad",28.70175,77.44025,broadband,2G,OnePlus 11,open,
T244207,Nikhil Reddy,+91-9878063630,"4G speed ekdum slow ho gaya hai is week, barely 1 mbps",call,22-08-2026 20:07,Gurgaon Sector 29,28.45274,77.02801,mobile data,3G,Xiaomi 13,resolved,VoLTE re-provisioned on the SIM and phone rebooted; call drops stopped.
T503575,Rahul Iyer,+91-9895013818,"Call quality bahut kharab hai, awaaz cut hoti rehti hai",social,06-08-2026 23:24,"Connaught Place, Delhi",28.62215,77.21522,voice,4G,JioFiber ONT,resolved,Node rebooted at local exchange; connectivity restored and confirmed with customer.
T672808,Pooja Kumar,+91-9833244151,New connection installation pending for 10 days despite payment,app,03-08-2026 15:39,"T Nagar, Chennai",13.044,80.22795,broadband,3G,OnePlus 11,resolved,Plan upgrade applied manually and prorated; confirmation SMS sent.
T402056,Varun Patel,+91-9872976361,"Wifi keeps disconnecting every few minutes, work from home impossible",email,25-08-2026 14:28,"Raj Nagar, Ghaziabad",28.6863,77.42843,broadband,3G,iPhone 14,open,
T126886,Pooja Reddy,+91-9899800835,"Broadband has been down since last night in my area, no connectivity at all",social,25-08-2026 12:14,"Raj Nagar, Ghaziabad",28.68621,77.44091,broadband,4G,Samsung Galaxy S23,open,
T355135,Rahul Verma,+91-9868614462,Want to know about family plan options and pricing,social,04-08-2026 11:37,"Whitefield, Bangalore",12.96781,77.74157,other,4G,JioFiber ONT,open,
T574419,Karan Das,+91-9862924755,"Internet not working since morning, router shows red light",chat,02-08-2026 11:25,"Bandra, Mumbai",19.05126,72.83456,broadband,5G,iPhone 14,resolved,Node rebooted at local exchange; connectivity restored and confirmed with customer.
T373812,Meera Verma,+91-9814484588,"Call quality bahut kharab hai, awaaz cut hoti rehti hai",call,15-08-2026 03:46,"T Nagar, Chennai",13.03864,80.24186,voice,3G,JioFiber ONT,resolved,APN reset to default and cell congestion cleared after RF team added capacity; speeds normal.
T502824,Meera Singh,+91-9896945247,"Net nahi chal raha hai subah se, kaam ruk gaya hai please fix",app,09-08-2026 22:43,"Koramangala, Bangalore",12.93912,77.63243,broadband,4G,Xiaomi 13,resolved,Node rebooted at local exchange; connectivity restored and confirmed with customer.
T471942,Sneha Singh,+91-9821149828,"Internet not working since morning, router shows red light",call,25-08-2026 10:27,"Raj Nagar, Ghaziabad",28.69504,77.44011,broadband,3G,OnePlus 11,open,
T734792,Sneha Kumar,+91-9897645934,"4G speed ekdum slow ho gaya hai is week, barely 1 mbps",app,09-08-2026 18:50,"Connaught Place, Delhi",28.63925,77.22232,mobile data,4G,JioFiber ONT,resolved,APN reset to default and cell congestion cleared after RF team added capacity; speeds normal.
T193434,Nikhil Verma,+91-9854532115,"Broadband has been down since morning in my area, no connectivity at all",email,25-08-2026 14:37,"Raj Nagar, Ghaziabad",28.69408,77.44728,broadband,5G,,open,
T874814,Meera Joshi,+91-9884399083,International roaming pack charged but never activated,email,02-08-2026 08:18,"Whitefield, Bangalore",12.97798,77.75143,voice,3G,OnePlus 11,in_progress,
T334639,Diya Patel,+91-9890683906,"Requested plan upgrade a week ago, still not activated",social,25-08-2026 00:26,"T Nagar, Chennai",13.0479,80.23021,broadband,4G,Xiaomi 13,open,
T851622,Diya Kumar,+91-9826415312,My recharge of 599 not reflecting but money deducted from bank,chat,08-08-2026 12:12,"T Nagar, Chennai",13.04111,80.24,mobile data,3G,TP-Link Router,resolved,Duplicate payment reversed to source account in 5 business days; customer confirmed receipt.
T355790,Vivaan Gupta,+91-9840546109,"Net nahi chal raha hai subah se, kaam ruk gaya hai please fix",email,25-08-2026 11:42,"Raj Nagar, Ghaziabad",28.68457,77.44593,broadband,2G,OnePlus 11,open,
T586308,Tanvi Singh,+91-9858444321,"Internet not working since morning, router shows red light",chat,25-08-2026 10:16,"Raj Nagar, Ghaziabad",28.69394,77.44599,broadband,4G,iPhone 14,open,
T223791,Rahul Patel,+91-9846072958,"Call quality bahut kharab hai, awaaz cut hoti rehti hai",app,13-08-2026 14:59,"Salt Lake, Kolkata",22.59284,88.41254,voice,2G,OnePlus 11,open,
T454210,Pooja Iyer,+91-9858796232,"Wifi keeps disconnecting every few minutes, work from home impossible",email,25-08-2026 12:18,"Raj Nagar, Ghaziabad",28.68526,77.4389,broadband,3G,iPhone 14,open,
T213697,Kavya Joshi,+91-9862698503,"Requested plan upgrade a week ago, still not activated",social,22-08-2026 06:21,"Bandra, Mumbai",19.06497,72.82387,broadband,2G,Xiaomi 13,resolved,Technician visit rescheduled with slot confirmation; work completed on second visit.
T506235,Ishaan Kumar,+91-9860043345,"Technician never showed up for the scheduled visit, no call either",app,01-08-2026 15:11,"Koramangala, Bangalore",12.93878,77.61555,broadband,4G,Samsung Galaxy S23,in_progress,
T838726,Sneha Joshi,+91-9892362000,"Net nahi chal raha hai subah se, kaam ruk gaya hai please fix",email,31-07-2026 12:38,"Indirapuram, Ghaziabad",28.65085,77.3657,broadband,5G,iPhone 14,open,
T617326,Arjun Joshi,+91-9842559072,"App login not working, OTP never arrives",social,30-07-2026 18:20,Gurgaon Sector 29,28.46471,77.0215,other,2G,Xiaomi 13,resolved,GST invoice generated and emailed; billing profile updated with GSTIN.
T817675,Tanvi Iyer,+91-9846385762,Need GST invoice for my corporate connection,social,15-08-2026 19:14,"Dwarka, Delhi",28.59337,77.03666,other,4G,Samsung Galaxy S23,resolved,OTP delivery restored after SMS gateway fix; customer logged in successfully.
T657075,Arjun Sharma,+91-9889964091,Bill me extra charges laga diye hain jo maine use nahi kiya,chat,05-08-2026 02:10,"Raj Nagar, Ghaziabad",28.6861,77.439,mobile data,3G,JioFiber ONT,resolved,Duplicate payment reversed to source account in 5 business days; customer confirmed receipt.
T591341,Diya Reddy,+91-9852478661,"Internet not working since morning, router shows red light",chat,25-08-2026 12:44,"Raj Nagar, Ghaziabad",28.69785,77.43803,broadband,fiber,,open,
T967438,Aditya Iyer,+91-9874077726,"Technician never showed up for the scheduled visit, no call either",chat,30-07-2026 23:16,"Salt Lake, Kolkata",22.57779,88.41453,broadband,5G,iPhone 14,resolved,Technician visit rescheduled with slot confirmation; work completed on second visit.
T929637,Arjun Kumar,+91-9850702879,My recharge of 599 not reflecting but money deducted from bank,chat,20-08-2026 01:33,"Connaught Place, Delhi",28.63718,77.21514,mobile data,4G,OnePlus 11,resolved,Duplicate payment reversed to source account in 5 business days; customer confirmed receipt.
T303258,Tanvi Reddy,+91-9858240526,"4G speed ekdum slow ho gaya hai is week, barely 1 mbps",call,24-08-2026 00:24,"Bandra, Mumbai",19.06891,72.83704,mobile data,fiber,Xiaomi 13,resolved,Node rebooted at local exchange; connectivity restored and confirmed with customer.
T222152,Ananya Joshi,+91-9879862230,Frequent call drops when talking for more than 2 minutes,email,25-08-2026 15:26,"Whitefield, Bangalore",12.96969,77.75992,voice,4G,Samsung Galaxy S23,open,
T508396,Sameer Iyer,+91-9865804273,Bill me extra charges laga diye hain jo maine use nahi kiya,social,06-08-2026 20:57,"Andheri, Mumbai",19.11121,72.85982,mobile data,4G,OnePlus 11,resolved,Late fee reversed after payment date verification; autopay mandate corrected.
T581682,Ananya Das,+91-9827812995,"ONT box blinking red, replacement needed urgently",social,18-08-2026 21:39,Noida Sector 62,28.61932,77.36112,broadband,2G,JioFiber ONT,resolved,Faulty router replaced under warranty; new unit delivered and activated in 2 days.
T897097,Pooja Joshi,+91-9853883276,"Call quality bahut kharab hai, awaaz cut hoti rehti hai",social,24-08-2026 04:56,"T Nagar, Chennai",13.04715,80.23995,voice,3G,OnePlus 11,resolved,Node rebooted at local exchange; connectivity restored and confirmed with customer.
T545668,Kavya Iyer,+91-9841458567,"4G speed ekdum slow ho gaya hai is week, barely 1 mbps",social,15-08-2026 23:50,"Raj Nagar, Ghaziabad",28.68574,77.44515,mobile data,4G,TP-Link Router,resolved,APN reset to default and cell congestion cleared after RF team added capacity; speeds normal.
T575111,Aarav Kumar,+91-9815885044,"Technician never showed up for the scheduled visit, no call either",social,13-08-2026 03:59,"T Nagar, Chennai",13.03439,80.24137,broadband,4G,OnePlus 11,open,
T746435,Nikhil Joshi,+91-9843550279,"Mobile data extremely slow, pages take forever to load on 4G",social,17-08-2026 17:17,"Koramangala, Bangalore",12.93966,77.62583,mobile data,3G,Samsung Galaxy S23,resolved,"Fiber patch re-spliced at the junction box; link stable for 24 hours, ticket closed."
T197483,Ananya Reddy,+91-9815467685,"I was charged twice for my monthly plan, need refund immediately",app,25-08-2026 10:33,"T Nagar, Chennai",13.04662,80.22684,broadband,2G,TP-Link Router,resolved,Late fee reversed after payment date verification; autopay mandate corrected.
T555161,Tanvi Gupta,+91-9813670202,"App login not working, OTP never arrives",call,13-08-2026 11:24,Noida Sector 62,28.63315,77.36597,other,4G,,resolved,GST invoice generated and emailed; billing profile updated with GSTIN.
T772765,Varun Reddy,+91-9844191883,My recharge of 599 not reflecting but money deducted from bank,call,11-08-2026 12:12,"Salt Lake, Kolkata",22.58855,88.40916,mobile data,3G,OnePlus 11,open,
T666836,Rohan Patel,+91-9819562056,"Naya connection ke liye 2 hafte se wait kar raha hoon, koi response nahi",call,12-08-2026 12:45,"Salt Lake, Kolkata",22.5793,88.41651,broadband,2G,Samsung Galaxy S23,resolved,Plan upgrade applied manually and prorated; confirmation SMS sent.
T185714,Tanvi Patel,+91-9837623724,"Mobile data extremely slow, pages take forever to load on 4G",call,20-08-2026 20:27,Gurgaon Sector 29,28.46931,77.02748,mobile data,fiber,Samsung Galaxy S23,resolved,"Fiber patch re-spliced at the junction box; link stable for 24 hours, ticket closed."
T722273,Ishaan Joshi,+91-9853908376,"Baar baar complaint karne ke baad bhi koi response nahi. Bahut kharab experience, main apna number port kara raha hoon.",call,23-08-2026 15:16,"Dwarka, Delhi",28.58411,77.03765,voice,2G,iPhone 14,open,
T606877,Rohan Sharma,+91-9868233497,"Mobile data extremely slow, pages take forever to load on 4G",app,25-08-2026 13:47,Gurgaon Sector 29,28.4683,77.02261,mobile data,5G,Samsung Galaxy S23,open,
T140048,Meera Iyer,+91-9833323144,"Technician never showed up for the scheduled visit, no call either",call,03-08-2026 23:55,"Salt Lake, Kolkata",22.58896,88.42137,broadband,3G,,resolved,"Installation escalated to area field manager; completed next day, customer confirmed."
T447362,Arjun Sharma,+91-9840737204,Want to know about family plan options and pricing,chat,26-07-2026 22:19,"Andheri, Mumbai",19.10772,72.86078,other,3G,,open,
T632214,Sneha Sharma,+91-9876978961,"4G speed ekdum slow ho gaya hai is week, barely 1 mbps",email,25-08-2026 11:41,Gurgaon Sector 29,28.46163,77.02406,mobile data,2G,TP-Link Router,open,
T654584,Aarav Singh,+91-9871843865,"Mobile data extremely slow, pages take forever to load on 4G",email,25-08-2026 12:56,Gurgaon Sector 29,28.46051,77.03112,mobile data,fiber,Xiaomi 13,open,
T499731,Ananya Gupta,+91-9810792100,"Internet not working since morning, router shows red light",social,25-08-2026 15:50,"Raj Nagar, Ghaziabad",28.68377,77.43605,broadband,fiber,Samsung Galaxy S23,open,
T126702,Sneha Reddy,+91-9883836812,"Internet not working since morning, router shows red light",app,25-08-2026 13:01,"Raj Nagar, Ghaziabad",28.69051,77.43483,broadband,2G,JioFiber ONT,open,
T492343,Ananya Patel,+91-9890492828,"Net nahi chal raha hai subah se, kaam ruk gaya hai please fix",email,25-08-2026 14:18,"Raj Nagar, Ghaziabad",28.69673,77.44589,broadband,3G,TP-Link Router,open,
T347600,Arjun Patel,+91-9844419684,No signal inside my house since yesterday evening,chat,06-08-2026 15:40,"Dwarka, Delhi",28.58437,77.03984,voice,3G,,open,
T641737,Tanvi Patel,+91-9817504382,"Internet not working since morning, router shows red light",social,02-08-2026 02:13,"T Nagar, Chennai",13.05118,80.23685,broadband,4G,Samsung Galaxy S23,resolved,VoLTE re-provisioned on the SIM and phone rebooted; call drops stopped.
T259265,Nikhil Verma,+91-9896969029,You charged me for a plan I cancelled last month. This is fraud — refund immediately or I am reporting to the ombudsman.,social,23-08-2026 02:39,"Whitefield, Bangalore",12.96922,77.74065,mobile data,4G,,open,
T250152,Karan Singh,+91-9853325492,New connection installation pending for 10 days despite payment,chat,30-07-2026 00:50,"Koramangala, Bangalore",12.93381,77.62007,broadband,fiber,OnePlus 11,resolved,Porting request re-submitted with corrected UPC code; number active on new plan.
T694094,Karan Reddy,+91-9866276356,"This is the third time I am complaining about the same billing error, still no refund. If it is not fixed this week I am filing a TRAI complaint.",app,23-08-2026 11:36,"Whitefield, Bangalore",12.96142,77.74325,broadband,5G,JioFiber ONT,open,
T235708,Nikhil Joshi,+91-9898445699,International roaming pack charged but never activated,social,03-08-2026 09:47,"T Nagar, Chennai",13.0509,80.23106,voice,fiber,,resolved,Payment reconciliation job re-run with the transaction ID; recharge credited same day.
T564586,Priya Gupta,+91-9893290380,5G not working on my new phone even though plan supports it,app,24-08-2026 20:00,"Raj Nagar, Ghaziabad",28.6977,77.43923,mobile data,fiber,iPhone 14,open,
T749840,Nikhil Patel,+91-9880361272,"Naya connection ke liye 2 hafte se wait kar raha hoon, koi response nahi",chat,23-08-2026 02:04,"Dwarka, Delhi",28.59853,77.04084,broadband,fiber,JioFiber ONT,open,
T935981,Sneha Kumar,+91-9874304823,"Mobile data extremely slow, pages take forever to load on 4G",chat,17-08-2026 10:19,"Raj Nagar, Ghaziabad",28.69223,77.44084,mobile data,fiber,OnePlus 11,in_progress,
T286638,Meera Kumar,+91-9815085015,"Broadband has been down since 2 hours in my area, no connectivity at all",social,18-08-2026 10:13,"Indirapuram, Ghaziabad",28.63341,77.37883,broadband,4G,Xiaomi 13,resolved,Node rebooted at local exchange; connectivity restored and confirmed with customer.
T494747,Riya Kumar,+91-9865878146,"App login not working, OTP never arrives",social,08-08-2026 01:50,"T Nagar, Chennai",13.04127,80.24109,other,4G,,resolved,Shared family plan options and activated chosen 4-line plan on request.
T810029,Diya Reddy,+91-9827870584,"I was charged twice for my monthly plan, need refund immediately",call,08-08-2026 16:41,Noida Sector 62,28.62761,77.35507,broadband,3G,Xiaomi 13,open,
T536459,Tanvi Joshi,+91-9814746217,"App login not working, OTP never arrives",social,22-08-2026 02:31,"Bandra, Mumbai",19.05918,72.82209,other,2G,Samsung Galaxy S23,resolved,OTP delivery restored after SMS gateway fix; customer logged in successfully.
T316823,Kavya Gupta,+91-9842488275,"Requested plan upgrade a week ago, still not activated",chat,16-08-2026 18:27,"T Nagar, Chennai",13.0485,80.24083,broadband,4G,iPhone 14,open,
T521769,Karan Das,+91-9840465492,"Wifi keeps disconnecting every few minutes, work from home impossible",app,25-08-2026 15:48,"Raj Nagar, Ghaziabad",28.68676,77.43642,broadband,5G,Xiaomi 13,open,
T448121,Vivaan Patel,+91-9877416376,"Requested plan upgrade a week ago, still not activated",email,18-08-2026 12:01,"T Nagar, Chennai",13.03379,80.24231,broadband,2G,JioFiber ONT,in_progress,
T515645,Vivaan Joshi,+91-9833297540,"Internet not working since morning, router shows red light",email,18-08-2026 07:53,"Indirapuram, Ghaziabad",28.64308,77.37899,broadband,fiber,TP-Link Router,resolved,Node rebooted at local exchange; connectivity restored and confirmed with customer.
T183927,Karan Verma,+91-9818600733,"Technician never showed up for the scheduled visit, no call either",email,03-08-2026 22:58,"Connaught Place, Delhi",28.64011,77.21471,broadband,fiber,OnePlus 11,resolved,Plan upgrade applied manually and prorated; confirmation SMS sent.
T299659,Nikhil Gupta,+91-9873481353,"Naya connection ke liye 2 hafte se wait kar raha hoon, koi response nahi",call,30-07-2026 10:26,"Connaught Place, Delhi",28.63468,77.21379,broadband,5G,Xiaomi 13,open,
T182578,Vivaan Singh,+91-9831638985,"Naya connection ke liye 2 hafte se wait kar raha hoon, koi response nahi",chat,03-08-2026 17:12,"Andheri, Mumbai",19.12129,72.87585,broadband,3G,,resolved,Technician visit rescheduled with slot confirmation; work completed on second visit.
T660118,Sameer Verma,+91-9891467062,Company ka diya hua modem baar baar hang ho raha hai,email,13-08-2026 14:08,"Andheri, Mumbai",19.11322,72.87422,broadband,4G,,open,
T251074,Pooja Das,+91-9849591339,Frequent call drops when talking for more than 2 minutes,app,15-08-2026 10:00,"Koramangala, Bangalore",12.94435,77.61472,voice,fiber,iPhone 14,in_progress,
T525942,Priya Sharma,+91-9820071854,"Autopay deducted twice this month, very frustrating experience",social,28-07-2026 10:35,Noida Sector 62,28.63302,77.36849,broadband,2G,iPhone 14,open,
T870786,Meera Patel,+91-9819995059,"I was charged twice for my monthly plan, need refund immediately",email,16-08-2026 14:48,"Salt Lake, Kolkata",22.57751,88.41268,broadband,4G,iPhone 14,resolved,Incorrect charge waived and adjusted in next invoice; goodwill credit of Rs 50 applied.
T541474,Arjun Kumar,+91-9852123474,No signal inside my house since yesterday evening,social,28-07-2026 20:44,"Connaught Place, Delhi",28.63138,77.22433,voice,3G,iPhone 14,resolved,"Fiber patch re-spliced at the junction box; link stable for 24 hours, ticket closed."
T888669,Priya Reddy,+91-9826235817,Bill me extra charges laga diye hain jo maine use nahi kiya,email,06-08-2026 15:15,"Connaught Place, Delhi",28.63167,77.21679,mobile data,2G,OnePlus 11,resolved,Incorrect charge waived and adjusted in next invoice; goodwill credit of Rs 50 applied.
T369845,Tanvi Verma,+91-9861268618,"Set top box remote not working, need replacement",email,31-07-2026 23:11,"Raj Nagar, Ghaziabad",28.68701,77.43368,other,fiber,JioFiber ONT,in_progress,
T878533,Pooja Kumar,+91-9862902012,5G not working on my new phone even though plan supports it,social,28-07-2026 18:08,"Raj Nagar, Ghaziabad",28.68479,77.43744,mobile data,2G,iPhone 14,open,
T194813,Kavya Iyer,+91-9851380361,My recharge of 599 not reflecting but money deducted from bank,app,01-08-2026 00:47,"Indirapuram, Ghaziabad",28.64853,77.37634,mobile data,2G,iPhone 14,resolved,Duplicate payment reversed to source account in 5 business days; customer confirmed receipt.
T953085,Nikhil Singh,+91-9898930456,"Autopay deducted twice this month, very frustrating experience",email,10-08-2026 09:55,"Connaught Place, Delhi",28.62326,77.21175,broadband,2G,,in_progress,
T778827,Ishaan Joshi,+91-9838765353,"Internet not working since morning, router shows red light",chat,07-08-2026 19:56,"Raj Nagar, Ghaziabad",28.68798,77.43649,broadband,2G,,open,
T461838,Ishaan Gupta,+91-9887545284,5G not working on my new phone even though plan supports it,app,05-08-2026 09:22,"T Nagar, Chennai",13.04691,80.22642,mobile data,3G,Xiaomi 13,open,
T903266,Ananya Patel,+91-9880104308,"Naya connection ke liye 2 hafte se wait kar raha hoon, koi response nahi",app,13-08-2026 10:58,"Connaught Place, Delhi",28.63301,77.22377,broadband,fiber,OnePlus 11,open,
T143941,Meera Sharma,+91-9849385195,Company ka diya hua modem baar baar hang ho raha hai,app,22-08-2026 13:14,"Connaught Place, Delhi",28.63181,77.22648,broadband,fiber,Xiaomi 13,resolved,Set top box remote replaced free of cost; paired and verified working.
T832723,Ishaan Kumar,+91-9823410159,"Requested plan upgrade a week ago, still not activated",email,25-08-2026 04:45,Noida Sector 62,28.63037,77.37153,broadband,3G,,resolved,Technician visit rescheduled with slot confirmation; work completed on second visit.
T224535,Ishaan Das,+91-9859570909,5G not working on my new phone even though plan supports it,call,23-08-2026 22:33,"Bandra, Mumbai",19.05202,72.83094,mobile data,2G,TP-Link Router,in_progress,
T734366,Meera Kumar,+91-9846160937,"I was charged twice for my monthly plan, need refund immediately",chat,19-08-2026 07:22,"Dwarka, Delhi",28.59093,77.05427,broadband,5G,JioFiber ONT,open,
T461260,Karan Reddy,+91-9859025393,"Wifi keeps disconnecting every few minutes, work from home impossible",app,21-08-2026 08:18,"Whitefield, Bangalore",12.96319,77.74699,broadband,5G,TP-Link Router,resolved,APN reset to default and cell congestion cleared after RF team added capacity; speeds normal.
T828361,Sameer Verma,+91-9849303341,Want to know about family plan options and pricing,app,05-08-2026 23:24,"Indirapuram, Ghaziabad",28.64254,77.37289,other,3G,TP-Link Router,resolved,OTP delivery restored after SMS gateway fix; customer logged in successfully.
T511967,Rohan Patel,+91-9816780654,New connection installation pending for 10 days despite payment,social,10-08-2026 13:10,"Connaught Place, Delhi",28.63301,77.2085,broadband,5G,OnePlus 11,open,
T275715,Pooja Joshi,+91-9848456543,"Net nahi chal raha hai subah se, kaam ruk gaya hai please fix",email,05-08-2026 01:59,"Salt Lake, Kolkata",22.58933,88.41853,broadband,2G,Samsung Galaxy S23,resolved,VoLTE re-provisioned on the SIM and phone rebooted; call drops stopped.
T533914,Ananya Das,+91-9838859907,"Wifi keeps disconnecting every few minutes, work from home impossible",email,05-08-2026 20:16,"Whitefield, Bangalore",12.96777,77.75459,broadband,4G,Xiaomi 13,resolved,VoLTE re-provisioned on the SIM and phone rebooted; call drops stopped.
T546915,Varun Gupta,+91-9818470495,"App login not working, OTP never arrives",email,29-07-2026 08:17,"Bandra, Mumbai",19.05608,72.83902,other,fiber,TP-Link Router,open,
T321020,Ishaan Das,+91-9881565674,"Wifi keeps disconnecting every few minutes, work from home impossible",email,21-08-2026 16:13,"Koramangala, Bangalore",12.94191,77.61861,broadband,5G,JioFiber ONT,resolved,Node rebooted at local exchange; connectivity restored and confirmed with customer.
T917546,Rohan Sharma,+91-9831131878,My recharge of 599 not reflecting but money deducted from bank,app,23-08-2026 18:46,"T Nagar, Chennai",13.04519,80.23221,mobile data,3G,TP-Link Router,resolved,Payment reconciliation job re-run with the transaction ID; recharge credited same day.
T469438,Riya Kumar,+91-9898252435,International roaming pack charged but never activated,social,31-07-2026 09:27,"Connaught Place, Delhi",28.64133,77.21319,voice,4G,Xiaomi 13,resolved,Late fee reversed after payment date verification; autopay mandate corrected.
T593808,Vivaan Sharma,+91-9854676053,"SIM porting request pending since last week, when will it complete",social,21-08-2026 02:05,"Indirapuram, Ghaziabad",28.65079,77.38174,voice,fiber,JioFiber ONT,in_progress,
T720644,Varun Das,+91-9813619375,Frequent call drops when talking for more than 2 minutes,call,04-08-2026 03:39,"Connaught Place, Delhi",28.63435,77.20941,voice,5G,iPhone 14,in_progress,
T110793,Kavya Joshi,+91-9865110751,"4G speed ekdum slow ho gaya hai is week, barely 1 mbps",social,21-08-2026 20:19,Gurgaon Sector 29,28.46675,77.03222,mobile data,fiber,Xiaomi 13,resolved,Node rebooted at local exchange; connectivity restored and confirmed with customer.
T214682,Sameer Joshi,+91-9895655118,Company ka diya hua modem baar baar hang ho raha hai,app,09-08-2026 01:27,"Raj Nagar, Ghaziabad",28.68593,77.44055,broadband,fiber,JioFiber ONT,in_progress,
T680238,Sameer Patel,+91-9846817443,Company ka diya hua modem baar baar hang ho raha hai,chat,24-08-2026 18:42,Gurgaon Sector 29,28.46226,77.03166,broadband,2G,,resolved,Faulty router replaced under warranty; new unit delivered and activated in 2 days.
T494956,Priya Singh,+91-9887662596,My router provided by company keeps restarting every hour,app,01-08-2026 16:41,"Salt Lake, Kolkata",22.58845,88.42506,broadband,2G,TP-Link Router,resolved,Set top box remote replaced free of cost; paired and verified working.
T928090,Riya Reddy,+91-9896143448,"Broadband has been down since yesterday in my area, no connectivity at all",chat,25-08-2026 11:30,"Raj Nagar, Ghaziabad",28.69356,77.43009,broadband,3G,Xiaomi 13,open,
T829283,Vivaan Singh,+91-9896124034,No signal inside my house since yesterday evening,app,28-07-2026 19:24,"Raj Nagar, Ghaziabad",28.69511,77.44772,voice,2G,,resolved,Node rebooted at local exchange; connectivity restored and confirmed with customer.
T530670,Kavya Verma,+91-9881014138,"Requested plan upgrade a week ago, still not activated",email,05-08-2026 19:36,"Indirapuram, Ghaziabad",28.63214,77.37779,broadband,4G,iPhone 14,resolved,Porting request re-submitted with corrected UPC code; number active on new plan.
T828866,Arjun Das,+91-9869716190,"App login not working, OTP never arrives",social,01-08-2026 18:47,"Raj Nagar, Ghaziabad",28.70082,77.44824,other,fiber,TP-Link Router,resolved,Shared family plan options and activated chosen 4-line plan on request.
T167154,Aditya Singh,+91-9891916907,"Naya connection ke liye 2 hafte se wait kar raha hoon, koi response nahi",chat,22-08-2026 18:10,"Andheri, Mumbai",19.10876,72.87543,broadband,4G,,open,
T809570,Priya Gupta,+91-9839958838,"Broadband has been down since morning in my area, no connectivity at all",social,20-08-2026 08:33,"T Nagar, Chennai",13.04024,80.2247,broadband,3G,iPhone 14,resolved,Node rebooted at local exchange; connectivity restored and confirmed with customer.
T986925,Rahul Das,+91-9875122376,Wrong late fee added even though I paid before the due date,call,23-08-2026 13:36,"Bandra, Mumbai",19.05659,72.82357,broadband,4G,iPhone 14,resolved,Duplicate payment reversed to source account in 5 business days; customer confirmed receipt.
T162908,Diya Reddy,+91-9811502382,"4G speed ekdum slow ho gaya hai is week, barely 1 mbps",call,23-08-2026 19:37,Gurgaon Sector 29,28.45999,77.02192,mobile data,fiber,Samsung Galaxy S23,resolved,APN reset to default and cell congestion cleared after RF team added capacity; speeds normal.
T501393,Ishaan Verma,+91-9847216895,No signal inside my house since yesterday evening,app,10-08-2026 16:55,"T Nagar, Chennai",13.05172,80.22926,voice,4G,iPhone 14,open,
T694088,Kavya Sharma,+91-9898623556,"4G speed ekdum slow ho gaya hai is week, barely 1 mbps",call,25-08-2026 15:20,Gurgaon Sector 29,28.45173,77.03614,mobile data,4G,OnePlus 11,open,
T901733,Diya Iyer,+91-9831508787,"Internet not working since morning, router shows red light",email,25-08-2026 12:39,"Raj Nagar, Ghaziabad",28.69833,77.44122,broadband,5G,TP-Link Router,open,
T491329,Aditya Patel,+91-9811226946,"4G speed ekdum slow ho gaya hai is week, barely 1 mbps",social,27-07-2026 17:16,"Connaught Place, Delhi",28.63425,77.22538,mobile data,5G,JioFiber ONT,resolved,"Fiber patch re-spliced at the junction box; link stable for 24 hours, ticket closed."
T315780,Meera Joshi,+91-9867653606,"Mobile data extremely slow, pages take forever to load on 4G",call,28-07-2026 11:23,"Raj Nagar, Ghaziabad",28.69415,77.44429,mobile data,fiber,iPhone 14,resolved,VoLTE re-provisioned on the SIM and phone rebooted; call drops stopped.
T546944,Tanvi Das,+91-9837430524,"Call quality bahut kharab hai, awaaz cut hoti rehti hai",app,21-08-2026 05:56,"Connaught Place, Delhi",28.62478,77.21065,voice,5G,iPhone 14,resolved,Node rebooted at local exchange; connectivity restored and confirmed with customer.
T944750,Diya Singh,+91-9894320873,Need GST invoice for my corporate connection,social,27-07-2026 07:28,"Dwarka, Delhi",28.59586,77.03829,other,2G,iPhone 14,resolved,OTP delivery restored after SMS gateway fix; customer logged in successfully.
T201987,Meera Joshi,+91-9827689263,"Net nahi chal raha hai subah se, kaam ruk gaya hai please fix",app,01-08-2026 03:27,"T Nagar, Chennai",13.04549,80.2383,broadband,5G,Xiaomi 13,resolved,"Fiber patch re-spliced at the junction box; link stable for 24 hours, ticket closed."
T874831,Priya Iyer,+91-9870570928,"Wifi keeps disconnecting every few minutes, work from home impossible",app,25-08-2026 15:32,"Raj Nagar, Ghaziabad",28.68406,77.44126,broadband,4G,Xiaomi 13,open,
T226882,Arjun Reddy,+91-9897225156,Company ka diya hua modem baar baar hang ho raha hai,chat,16-08-2026 06:27,"Salt Lake, Kolkata",22.57798,88.40752,broadband,fiber,iPhone 14,resolved,SIM replaced at store; 5G registering correctly on the handset now.
T238635,Varun Joshi,+91-9819239937,Wrong late fee added even though I paid before the due date,call,09-08-2026 19:52,"Connaught Place, Delhi",28.62555,77.22389,broadband,fiber,JioFiber ONT,resolved,Late fee reversed after payment date verification; autopay mandate corrected.
T804441,Priya Verma,+91-9870381095,"Net nahi chal raha hai subah se, kaam ruk gaya hai please fix",app,25-08-2026 11:59,"Raj Nagar, Ghaziabad",28.69983,77.44622,broadband,2G,,open,
T292037,Meera Sharma,+91-9835356407,Need GST invoice for my corporate connection,email,31-07-2026 03:13,"Connaught Place, Delhi",28.6267,77.22082,other,5G,Samsung Galaxy S23,resolved,OTP delivery restored after SMS gateway fix; customer logged in successfully.
T421559,Rohan Kumar,+91-9885636982,"Broadband has been down since last night in my area, no connectivity at all",social,12-08-2026 07:07,"Koramangala, Bangalore",12.93788,77.62401,broadband,5G,JioFiber ONT,resolved,APN reset to default and cell congestion cleared after RF team added capacity; speeds normal.
T132663,Riya Singh,+91-9871477426,5G not working on my new phone even though plan supports it,email,23-08-2026 10:48,"Whitefield, Bangalore",12.97675,77.74853,mobile data,2G,Xiaomi 13,open,
T269662,Rohan Verma,+91-9812138110,"I was charged twice for my monthly plan, need refund immediately",social,09-08-2026 02:41,"Connaught Place, Delhi",28.63645,77.20719,broadband,5G,Xiaomi 13,resolved,Payment reconciliation job re-run with the transaction ID; recharge credited same day.
T572552,Nikhil Patel,+91-9877459675,"Mobile data extremely slow, pages take forever to load on 4G",app,19-08-2026 07:26,"Salt Lake, Kolkata",22.58072,88.4221,mobile data,3G,OnePlus 11,in_progress,
T267575,Arjun Verma,+91-9885415271,"Net nahi chal raha hai subah se, kaam ruk gaya hai please fix",chat,25-08-2026 14:40,"Raj Nagar, Ghaziabad",28.6909,77.43895,broadband,fiber,Xiaomi 13,open,
T674541,Priya Joshi,+91-9884969806,"4G speed ekdum slow ho gaya hai is week, barely 1 mbps",app,25-08-2026 12:59,Gurgaon Sector 29,28.46003,77.02996,mobile data,fiber,TP-Link Router,open,
T403524,Tanvi Patel,+91-9836743897,Wrong late fee added even though I paid before the due date,call,31-07-2026 03:04,"Connaught Place, Delhi",28.63796,77.21274,broadband,fiber,OnePlus 11,resolved,Late fee reversed after payment date verification; autopay mandate corrected.
T208310,Aditya Patel,+91-9867845091,Frequent call drops when talking for more than 2 minutes,call,20-08-2026 18:30,Gurgaon Sector 29,28.45658,77.01846,voice,fiber,,resolved,"Fiber patch re-spliced at the junction box; link stable for 24 hours, ticket closed."
T970708,Meera Verma,+91-9828762704,"Wifi keeps disconnecting every few minutes, work from home impossible",chat,14-08-2026 01:15,"Koramangala, Bangalore",12.92916,77.62251,broadband,2G,TP-Link Router,resolved,Node rebooted at local exchange; connectivity restored and confirmed with customer.
T860548,Pooja Gupta,+91-9883189524,"Call quality bahut kharab hai, awaaz cut hoti rehti hai",social,25-08-2026 13:09,"Connaught Place, Delhi",28.63759,77.22257,voice,2G,Samsung Galaxy S23,in_progress,
T389854,Rahul Das,+91-9878120967,"Technician never showed up for the scheduled visit, no call either",chat,21-08-2026 01:39,"Koramangala, Bangalore",12.92745,77.61748,broadband,5G,Xiaomi 13,resolved,Porting request re-submitted with corrected UPC code; number active on new plan.
